tweet_id,customer_message,brand_reply,timestamp,intent,should_escalate,escalation_reason,ideal_reply_notes,pred_trivial,pred_keyword,pred_llm,generated_reply,pred_should_escalate,pred_escalation_reason
485348,"After years of buying, first time I ship with Amazon Logistic and it's just a quick way to throw away my money, 800 $ lost in merchandise and you just can not be held responsible. What good policies, guys, great work. , that was a Black Friday in deep","Hi, can you tell us a bit more about the issue without sharing any personal or account information? ^JJ",Fri Dec 01 15:02:22 +0000 2017,delivery_issue,yes,"angry, lost $800 worth of stuff","say sorry, ask for order number, explain how to file a lost package claim",delivery_issue,delivery_issue,delivery_issue,"Hi, were sorry to hear about this. Could you DM us more details (without sharing personal info) so we can look into it? ^JJ",yes,"The customer reports a financial loss of $800 in merchandise, which exceeds the $100 threshold for mandatory escalation."
2857281,"qué pasa últimamente con lo de ""entrega garantizada""?!? Lo que está garantizado últimamente es recibirlo tarde o muy tarde","Hola Cristian, ¿en el momento tienes un pedido pendiente de entrega? ^DA",Tue Sep 12 19:55:47 +0000 2017,delivery_issue,no,,ask if they have a package on the way right now,delivery_issue,product_inquiry,product_inquiry,"Hola, tienes un pedido pendiente de entrega? ^DA",no,"The message is a general complaint about delivery delays and a question about the 'guaranteed delivery' policy, which does not meet the specific criteria for escalation such as financial disputes, threats, or complex account issues."
2922520,A+ on packaging lmao.,Wow! I am sorry for this apparent misstep on our part. We would love the opportunity to go over options with you. Please contact us via phone or email here: ^LM,Wed Nov 29 02:05:49 +0000 2017,general_complaint,no,,"ask what happened with the packaging, maybe ask for a photo",delivery_issue,general_complaint,general_complaint,"Wow, were sorry about the packaging. Wed love to discuss optionsplease DM us or share your feedback here: ^LM",no,"The message is a brief, informal complaint about packaging that does not meet the criteria for escalation such as extreme anger, financial dispute, or complex account issues."
473338,"., mille mercis, je suis comme un gosse le matin de Noël !!! 🎅🏻😍❤️ Cc","Bonjour Joseph, très ravie que cela vous a plu. 😍 Bonne journée. 🙂 ^MA",Fri Dec 01 09:20:07 +0000 2017,other,no,,"just a happy customer, nothing to fix",delivery_issue,general_complaint,other,"Bonjour, mille merci  vous! Nous sommes ravis que cela vous rende aussi enthousiaste  Bonne journe  ^MA",no,"The message is a positive expression of gratitude and excitement, which falls under praise or routine feedback."
1283894,Acabándome #ElRetratoDeDorianGray 🖼👱🏻👺 😜,Es un libro increíble.😱🖤 ¿Has leído otros libros de Oscar Wilde? ^HC,Thu Oct 26 18:05:35 +0000 2017,other,no,,"not about an order, just talking about a book",delivery_issue,general_complaint,other,Qu genial que ests disfrutando #ElRetratoDeDorianGray!  Qu parte te ha sorprendido ms? ^HC,no,"The message is a casual social media update about reading a book, not a support request or complaint."
2981589,"Hey can you check your delivery drivers for dyslexia. Its appartment 43 not 34. And dont say it was recieved by me, it wasnt!","Hey mike, sorry about that! Were you about to receive your package even thought it was delivered to the wrong location? ^LS",Tue Oct 31 20:58:13 +0000 2017,delivery_issue,no,,"check the address on file, look into who signed for it",delivery_issue,delivery_issue,delivery_issue,"Hey there, sorry for the mixup  well check why it was marked delivered to apt34 instead of43. Please DM us your order details so we can sort this out for you. ^LS",no,This is a standard delivery address correction and status dispute that can be resolved by updating the tracking information without requiring human intervention.
2566983,"only 9 out of 21 ordered items were delivered today. No way to request a refund. This is not the first time when such thing happened, but this time it is really awful. We are upset and most likely will cancel our membership. I won't recommend the service to anyone.",I'm so sorry about the delivery trouble! I can definitely understand your disappointment. Could you please confirm what the tracking information is currently stating for your missing items: ? Please keep us posted! We want to help! ^SD,Thu Nov 16 19:20:18 +0000 2017,delivery_issue,yes,"says this happened before, missing 9 items, wants to cancel membership","apologize, ask for order number, explain refund steps for missing items",delivery_issue,refund_return,delivery_issue,Im really sorry you only received 9 of 21 items  thats frustrating. Could you DM us your order # and any tracking info for the missing items so we can sort this out quickly? Thank you for your patience. ^SD,yes,"The customer reports a significant partial delivery failure (12 missing items), indicates this is a repeated issue, and explicitly threatens to cancel their membership."
1260824,I have not received any mail from your side for cancelling of my order. Even now i dont know what is the exact reason of cancelling it.,"That's odd, kindly connect with us here: and we'll definitely look into it. ^PS",Thu Oct 26 10:22:10 +0000 2017,delivery_issue,no,,"explain why order got cancelled, point to email confirmation",delivery_issue,general_complaint,general_complaint,Sorry to hear that. We dont have access to your order details hereplease DM us or reach out via the link so we can look into the cancellation for you. ^PS,no,"The customer is inquiring about the status and reason for an order cancellation, which is a standard account inquiry that does not meet the criteria for financial dispute, security breach, or extreme distress."
2372313,Already did million times. All lies. You cannot see the locker availability. It's a total bluff,What information or options were we able to provide when you reached out to us about this? ^CL,Tue Nov 14 01:39:30 +0000 2017,general_complaint,yes,"says they already tried many times, sounds fed up","ask for more details without personal info, offer to look into locker problem",delivery_issue,general_complaint,delivery_issue,Sorry to hear youre still having trouble seeing locker availability. Could you DM us your account details so we can look into this for you? ^CL,yes,The customer explicitly states they have already attempted resolution multiple times and expresses extreme frustration with previous support failures.
453206,Pondering how prime delivery with can take longer than Royal Mail second class delivery to arrive. Package out for delivery today (ordered Monday!) then get email to say allow another day or two for it to arrive! #notreallyprimeisit?,"I'm sorry your parcel is arriving later than expected! We strive to meet the delivery date provided at checkout. When you have a moment, please phone or chat with us here: We want to make sure you're provided with a new delivery date! ^BN",Thu Nov 30 22:41:27 +0000 2017,delivery_issue,no,,"apologize for late delivery, give new delivery date",delivery_issue,delivery_issue,delivery_issue,"I'm sorry your parcel is arriving later than expected! We strive to meet the delivery date provided at checkout. When you have a moment, please phone or chat with us here: We want to make sure you're provided with a new delivery date! ^BN",no,"The customer is expressing frustration about a delayed delivery but is not threatening legal action, reporting a financial dispute, or indicating a complex account security issue, making it suitable for standard automated handling."
2803312,Hey we love the convenience of shopping your site &amp; do it regularly but this is ridiculous. Why not slap the label on the pouch &amp; send it on it’s way. Heck add your amazon prime sticker too if that’s important.,Hey Megan! Thank you for bring this to our attention! We're always looking to improve. You can help us by sending your packing feedback: We apprciate it. ^LS,Wed Nov 22 01:42:42 +0000 2017,general_complaint,no,,"thank them for feedback, point to packaging feedback form",delivery_issue,general_complaint,delivery_issue,Hey! Thanks for the feedback. We're always looking to improve. You can help us by sending your packing feedback: We appreciate it. ^LS,no,"The customer is expressing frustration about a minor packaging issue but remains a regular, satisfied user without threats, financial disputes, or complex account problems."
1094261,"Pls check Tracking # 237272538393 make sure d delivery by 24hrs..It's 2nd time 'am facing prob &amp; the last time too to say ""bye"" #AmazonIndia",We'll not be able to view your details via twitter. Kindly reach out to our support team via the above link for help. ^MM,Sun Oct 15 05:14:35 +0000 2017,delivery_issue,yes,says this is the 2nd time and is about to give up on the service,"apologize, ask for tracking number, look into repeated delivery problem",delivery_issue,delivery_issue,delivery_issue,We'll not be able to view your details via twitter. Kindly reach out to our support team via the above link for help. ^MM,yes,The customer reports a repeated delivery failure and explicitly threatens to leave the platform.
695178,"Hola. Acaban de cobrarme la suscripción PRIME pero he cancelado automáticamente, ¿se me devolverá el importe de la cuota? Se me acababa hoy el periodo.","Hola, lamentamos el inconveniente. ¿Has recibido algún correo electrónico de confirmación informando la cancelación de la suscripción? Si lo has recibido, es probable que este indique la información del reembolso. ^FZ",Thu Nov 23 15:32:02 +0000 2017,billing_payment,no,,"ask if they got a cancellation email, check if it mentions refund info",delivery_issue,product_inquiry,refund_return,"Hola, lamentamos el inconveniente. Has recibido algn correo electrnico de confirmacin informando la cancelacin de la suscripcin? Si lo has recibido, es probable que este indique la informacin del reembolso. ^FZ",no,"This is a standard inquiry regarding a routine subscription refund policy and does not involve a high-value dispute, unauthorized charge, or complex account issue."
2301382,does having a prime membership give u access to kindle unlimited?,"Great question Melissa! Unfortunately, Kindle Unlimited is an additional subscription service outside of Prime. Being a Prime member DOES grant you access to several ebooks free of charge, it doesn't cover the breadth and variety that Kindle Unlimited does. ^JD",Sun Nov 12 17:40:28 +0000 2017,product_inquiry,no,,explain prime benefits vs kindle unlimited being separate,delivery_issue,delivery_issue,product_inquiry,"Great question! Unfortunately, Kindle Unlimited is a separate subscription from Prime. However, Prime members do get access to a rotating selection of free ebooks! ^JD",no,This is a standard product policy inquiry regarding Prime membership benefits.
986856,I made purchases using that card last week. Also tried 3 others. Same. Your customer services said can’t change details as it was a preorder,Have you changed the billing address on your account recently? Try removing and readd a card w/ the new billing address. ^MJ,Sun Oct 22 11:50:23 +0000 2017,billing_payment,yes,"tried 3 cards, already told by support they can't fix it","needs someone to actually check the account, bot can't fix preorder billing",delivery_issue,billing_payment,billing_payment,Have you changed the billing address on your account recently? Try removing and readd a card w/ the new billing address. ^MJ,yes,The customer reports unauthorized or failed charges on multiple cards and indicates that previous support attempts to resolve the billing issue have failed.
1276141,"Bonjour :) comme à chaque commande de jeux vidéo en étant prime livraison 2 jours, toujours envoyé en retard...",Pouvez-vous nous indiquer la date de livraison initialement confirmée par email lors de la commande je vous prie ? ^KE,Thu Oct 26 16:01:32 +0000 2017,delivery_issue,no,,ask for the delivery date shown on confirmation email,delivery_issue,general_complaint,general_complaint,Pouvez-vous nous indiquer la date de livraison initialement confirme par email lors de la commande je vous prie ? ^KE,no,"The customer is expressing a general complaint about recurring late deliveries but does not exhibit extreme anger, threaten legal action, or report a specific high-value financial dispute or account security issue."
1184720,Tracking #: 118108442803.The product is scheduled to be delivered tomorrow.By any chance can it be delivered today? Humble request,"able to promise an early delivery. Please don't provide your order details, (2/3)^AU",Tue Nov 07 07:13:54 +0000 2017,delivery_issue,no,,let them know if early delivery is possible or not,delivery_issue,delivery_issue,delivery_issue,"I'm sorry, but we are unable to promise an early delivery. Please don't provide your order details as it is personal info. Our Twitter page is visible to the public. ^AU",no,"The customer is making a polite request to expedite a standard delivery, which does not meet the criteria for escalation such as extreme anger, financial disputes, or repeated failures."
2687700,Where’s my stuff,I'm sorry you haven't received your order yet. We'd like to take a closer look into this for you: ^VS,Tue Oct 31 17:33:25 +0000 2017,delivery_issue,no,,ask for order number to check status,delivery_issue,general_complaint,delivery_issue,I'm sorry you haven't received your order yet. We'd like to take a closer look into this for you: ^VS,no,"This is a standard tracking status inquiry without indicators of extreme anger, financial dispute, or repeated failure."
1748170,all my order has said all day is “dispatching now delivered before 9pm”. I leave this office in 1 hour 4 mins :(,"Oh no! I'm sorry for the trouble with delivery. Contact us here, so we can investigate this. ^TG",Tue Nov 07 15:56:56 +0000 2017,delivery_issue,no,,"reassure delivery window, offer to check tracking",delivery_issue,delivery_issue,delivery_issue,"Oh no! I'm sorry for the trouble with delivery. Contact us here, so we can investigate this. ^TG",no,"The customer is inquiring about a standard delivery status with mild frustration but does not meet the criteria for extreme anger, financial dispute, repeated failure, or complex account issues."
462462,i have already raised my issue from my email. why you are not serious with your customers. please refund my amount into my account,"We don't have the direct access to your Amazon account over Twitter. Kindly share the details over the form shared in the link. We'll do our best to help you, once it's done. ^CB",Fri Dec 01 09:43:18 +0000 2017,refund_return,yes,"says they already emailed before and got no help, wants refund","can't process refund without account access, needs a real person",delivery_issue,refund_return,refund_return,"We don't have the direct access to your Amazon account over Twitter. Kindly share the details over the form shared in the link. We'll do our best to help you, once it's done. ^CB",no,"The message expresses frustration and requests a standard refund without indicating a high-value dispute, unauthorized charge, or complex account issue that meets the specific escalation criteria."
633735,not received yet.,"Please don't provide your order details, as we consider it to be personal information. Our Twitter page is visible to the public. 2/2 ^KH",Wed Nov 22 16:11:20 +0000 2017,delivery_issue,no,,ask for order number or tracking info,delivery_issue,general_complaint,delivery_issue,"Please don't provide your order details, as we consider it to be personal information. Our Twitter page is visible to the public. 2/2 ^KH",no,"The message is a standard delivery status inquiry without indicators of extreme anger, financial dispute, or repeated failure."
44505,Die letzte Packung ist so gut wie leer... X.x,"Nein! Ich habe es fast geahnt. 😱 Vielleicht können wir, vom Amazon.de Social Media Team, dir aushelfen: ^SI",Wed Nov 01 17:02:02 +0000 2017,damaged_or_wrong_item,no,,"ask if item was mostly empty or damaged, offer replacement",delivery_issue,general_complaint,damaged_or_wrong_item,"Oh nein, das ist wirklich rgerlich!  Wir mchten dir gerne helfen. Bitte schreib uns eine DM, damit wir das fr dich klren knnen. ^SI",no,"The customer is reporting a minor product quality issue (empty package) without signs of extreme anger, financial dispute, or complex account problems, which fits standard support handling."
24999,Deducting $10.99 from my credit card every month. Tried reaching you on your toll-free number but no help.,I apologize for the trouble! What options were you given when you called in and spoke with us? ^NC,Mon Oct 30 13:00:53 +0000 2017,billing_payment,yes,"called support already and got no help, recurring charge",needs someone to actually cancel the charge on the account,delivery_issue,billing_payment,billing_payment,I apologize for the trouble! What options were you given when you called in and spoke with us? ^NC,yes,The customer reports unauthorized recurring charges and has already experienced a failure with previous support attempts.
375828,Prolly shoulda used better judgement on a Sunday delivery from but I PAID THE SHIPPING COST. WHERE'S MY STUFF??,I'm so sorry for the wait. Did you receive any notification of a change in delivery date? ^DO,Mon Oct 09 01:49:51 +0000 2017,delivery_issue,no,,"apologize, ask for tracking number",delivery_issue,delivery_issue,delivery_issue,I'm so sorry for the wait. Did you receive any notification of a change in delivery date? ^DO,no,"The message is a standard delivery status inquiry with frustration but lacks specific indicators of financial dispute, repeated failure, or severe threats required for escalation."
1377712,I want 25 October result for ........??????? #iPhone8AppQuiz,The winners will be announced soon. Kindly wait until then. Appreciate your patience. ^AK,Sat Oct 28 03:46:58 +0000 2017,other,no,,"not about an order, it's about a quiz/contest, point to updates",delivery_issue,product_inquiry,other,The winners will be announced soon. Kindly wait until then. Appreciate your patience. ^AK,no,"The message is a nonsensical or spam-like inquiry unrelated to standard support issues, falling under general/other intent that does not meet escalation criteria."
1290978,that’s twice in a week you’ve failed me i’ll be cancelling my order and membership and buying future items local.,"This isn't what we strive for! Providing no account info, Can you please tell us more about the delivery issue you are facing? ^KJ",Thu Oct 26 20:39:57 +0000 2017,delivery_issue,yes,"says this happened twice in one week, wants to cancel","apologize, ask for order details, explain what happened with delivery",delivery_issue,delivery_issue,general_complaint,We're so sorry to hear about the repeated delivery issues! We want to make this right. Please DM us your account details so we can look into your order and membership. ^KJ,yes,"The customer explicitly threatens to cancel their membership and cites repeated service failures, indicating high churn risk that requires human intervention."
387970,prod not received but app status shows as delivered. Facing issues with wrong courier statuses quite frequently..1/2,Apologies for the incorrect tracking information. Please fill up this form: and we'll investigate. ^HK,Mon Oct 09 13:58:29 +0000 2017,delivery_issue,yes,says this happens a lot to them,"look into courier tracking accuracy, apologize",delivery_issue,delivery_issue,delivery_issue,Apologies for the incorrect tracking information. Please fill up this form: and we'll investigate. ^HK,no,"The customer is reporting a standard delivery discrepancy and general courier status issues without indicating extreme anger, financial loss, or repeated support failures."
1429408,please review Order 404-8576879-1321164 payed through sbi master card on mobile site am i eligible for sbi cashback?,"Please don't provide your order details, we consider it personal info. Our Twitter page is visible to public. (3/3) ^SV",Mon Oct 16 18:20:13 +0000 2017,billing_payment,no,,"check cashback offer terms, don't ask for card details publicly",delivery_issue,billing_payment,billing_payment,"Please don't provide your order details, we consider it personal info. Our Twitter page is visible to public. (3/3) ^SV",no,"This is a standard inquiry regarding cashback eligibility for a specific order, which does not meet the criteria for financial disputes or complex account issues."
737933,The page froze. I even tried again and it kept happening.,Are you trying to place your order using our website or mobile app? ^RA,Wed Oct 11 16:34:06 +0000 2017,other,no,,"ask what browser/device they used, suggest clearing cache",delivery_issue,general_complaint,general_complaint,Are you trying to place your order using our website or mobile app? ^RA,no,"The message describes a minor technical glitch without indicating financial loss, extreme anger, or complex account issues."
2850357,なにこれ(°д°) 開いたらあかんやつよね？ am͜a͉zonさん？ AMAZONさん？ 頼んでないもん でもこれは 騙されちゃうよー .…,そちらのメールはAmazonから送信したるものではございません。返信や電話などせず、破棄いただくことをお勧めいたします。正式なメールかどうかの識別方法については、こちらのヘルプページをご参照下さい。 EK,Mon Nov 13 09:43:58 +0000 2017,account_access,yes,"looks like a phishing/scam email, safety concern","warn them not to click links, confirm it's not from Amazon",delivery_issue,general_complaint,delivery_issue,Amazon EK,yes,"The customer reports receiving an unauthorized item they did not order, which constitutes a potential financial dispute or account security issue requiring human verification."
2773093,It's 10 days when your courier boy pick up the many days you will take...??,"I understand your concern regarding the refund, please contact us here: so that we can assist you accordingly. ^PJ",Tue Nov 21 14:13:20 +0000 2017,delivery_issue,no,,"give pickup/delivery timeline, mention refund option if needed",delivery_issue,delivery_issue,delivery_issue,I understand your concern regarding the delivery delay. Please contact us here: so that we can assist you accordingly. ^PJ,no,"The message is a standard inquiry regarding a delayed delivery without evidence of extreme anger, financial dispute, or repeated support failures."
2081553,I ordered curtains for Diwali by checking your delivery dates..at the last moment you delayed it.. disgusting,I'm sorry you've not received your order. We'd like to look into it. Please call us here:,Thu Oct 19 02:49:00 +0000 2017,delivery_issue,no,,"apologize for the delay, especially since it was for a holiday",delivery_issue,delivery_issue,delivery_issue,I'm sorry for the inconvenience with your delivery. We'd like to look into it. Please share your details here:,no,"The customer is expressing frustration about a single delivery delay but does not meet the criteria for escalation such as extreme anger, financial dispute, repeated failures, or complex account issues."
1141545,Getting a practical solution would have been better for me.,your details in the link provided to you earlier and we'll get back to you with an update. (2/2)^SQ,Sun Oct 15 16:02:56 +0000 2017,general_complaint,no,,"ask what would have helped, not enough detail to know the issue",delivery_issue,general_complaint,general_complaint,I'm sorry for the inconvenience. Please share your details here: [link] and we'll get back to you with a solution. ^JC,no,"The message is a mild general complaint without indicators of extreme anger, financial dispute, or complex account issues."
2964015,"The *latest* issue is a 3rd party item that's ""in stock"" but my order hasn't been shipped despite being placed 9 days ago.",What was the delivery date provided in your order confirmation e-mail: Have we missed this? ^CL,Wed Nov 29 22:35:04 +0000 2017,delivery_issue,no,,check shipping status with the 3rd party seller,delivery_issue,delivery_issue,delivery_issue,What was the delivery date provided in your order confirmation e-mail: Have we missed this? ^CL,no,"The message describes a standard shipping delay inquiry without indicators of extreme anger, financial dispute, or repeated support failures."
2154430,Alright Amazon. Where’s my shit? I paid for overnight shipping 🤦🏼‍♀️🆘,Oh no! Have we missed the delivery date on the confirmation email? ^BA,Thu Nov 09 02:29:14 +0000 2017,delivery_issue,yes,"cursing, paid extra for overnight and didn't get it","apologize, check tracking, may need refund for shipping fee",delivery_issue,delivery_issue,delivery_issue,Oh no! Have we missed the delivery date on the confirmation email? ^BA,no,"The message is a standard delivery status inquiry with frustration but does not meet the criteria for financial dispute, repeated failure, or extreme threat."
2343942,Yes but why didn't they call on my door? Why wasn't it delivered to my requested neighbours who are also in?,May I ask who was the carrier for your order? Have you had deliveries to this address previously without issue? ^MI,Mon Nov 13 15:54:26 +0000 2017,delivery_issue,no,,"ask which carrier delivered it, confirm delivery instructions on file",delivery_issue,delivery_issue,delivery_issue,May I ask who was the carrier for your order? Have you had deliveries to this address previously without issue? ^MI,no,"The customer is inquiring about delivery protocol and failed delivery attempts, which is a standard delivery issue that can be handled by automated support without meeting the criteria for escalation."
2304054,Sadly Prime.,I'd like to have a member of our team look into this for you. Please send us the order details: ^EB,Thu Oct 19 21:22:27 +0000 2017,general_complaint,no,,"too short to know what's wrong, ask for more info",delivery_issue,general_complaint,general_complaint,I'd like to have a member of our team look into this for you. Please send us the order details: ^EB,no,"The message is a brief, vague complaint without specific details, financial disputes, or threats that meet the criteria for escalation."
1042299,Shared details on web form. Pl action,Thanks for the update. We've received your details and we're working on the problem you're facing. ^HA,Mon Oct 23 11:24:34 +0000 2017,other,no,,just a follow up saying they already filled out the form,delivery_issue,general_complaint,other,Thanks for the update. We've received your details and we're working on the problem you're facing. ^HA,no,"The message is a brief, neutral request for action on a previously submitted form without indicating anger, financial dispute, or complex account issues."
1909426,I'm trying to pre-order star wars battlefront 2 on PS4 via Amazon UK but it's saying no versions available on PS4,It looks like those are currently unavailable. You can sign up for an email alert that's sent when their available. ^EM,Tue Oct 31 12:51:54 +0000 2017,product_inquiry,no,,let them know when PS4 version becomes available,delivery_issue,general_complaint,product_inquiry,It looks like those are currently unavailable. You can sign up for an email alert that's sent when their available. ^EM,no,"This is a standard product availability inquiry regarding a pre-order, which does not meet the criteria for escalation."
322602,help me to get the refund in order no 402-1224899-9111548. delivered product have manfg defects and battery drain etc issues,I'm sorry for the trouble. Please fill in your details here: and we'll contact you at the earliest. ^AU,Sat Oct 07 13:59:02 +0000 2017,damaged_or_wrong_item,no,,"apologize for defect, ask for order number, walk through refund/replace steps",delivery_issue,refund_return,refund_return,I'm sorry for the trouble. Please fill in your details here: and we'll contact you at the earliest. ^AU,no,"This is a standard refund request for a defective product without indicators of high-value dispute, extreme anger, or complex account issues."
2061456,"hola Amazon ayudaaa porfavor 😫😫 pedí un libro a Amazon España y mi fecha d entrega ya cumplió la fecha estimada, q puedo hacer?",Hola. Siento mucho en saber del inconveniente.¿Tu pedido fue gestionado y vendido por Amazon o por un vendedor externo? ^JJ,Sun Oct 29 02:52:04 +0000 2017,delivery_issue,no,,ask if item is sold and shipped by Amazon or a seller,delivery_issue,product_inquiry,delivery_issue,Hola. Siento mucho en saber del inconveniente.Tu pedido fue gestionado y vendido por Amazon o por un vendedor externo? ^JJ,no,"The customer is inquiring about a standard late delivery for a low-value item without indicating extreme distress, financial dispute, or repeated support failures."
2355295,Cheers for the new charges! Just lost another customer...,"Without posting personal or account sensitive information, can you tell us more about what's going on? ^AF",Mon Nov 13 18:55:25 +0000 2017,billing_payment,no,,"ask what charge they're referring to, not enough detail",delivery_issue,general_complaint,billing_payment,"Without posting personal or account sensitive information, can you tell us more about what's going on? ^AF",yes,The customer is expressing extreme anger and threatening to leave due to a billing dispute.
2500780,"A ver, al transportista no le ha salido de las narices venir y ha puesto que no habia nadie en casa. No hay más vuelta de hoja.","¿Has reportado tu problema con ? Si no recibes respuesta, no dudes en contactarnos de nuevo. ^CR",Wed Nov 15 19:48:29 +0000 2017,delivery_issue,no,,ask if they reported missed delivery attempt before,delivery_issue,general_complaint,delivery_issue,Lamento mucho la situacin. Has intentado contactar directamente con el transportista para verificar el estado de la entrega? ^CR,no,"The customer is expressing frustration about a failed delivery attempt but is not reporting a financial dispute, security breach, or repeated systemic failure that meets the escalation criteria."
1488745,Thanks for the cracking delivery you guys are smashing it 🙃🙃🙃🙃,Sorry to see this Tiffany - pls contact us so we can confirm your replacement / refund options : ^TD,Fri Nov 03 13:19:15 +0000 2017,damaged_or_wrong_item,no,,offer replacement or refund options,delivery_issue,delivery_issue,other,Sorry to hear that!  Please DM us your order details so we can look into this for you.,no,"The message is a positive compliment regarding delivery performance, which falls under routine feedback."
1268234,"Je cherche encore. La livraison n'indiquait également que ""1 jour ouvré"".","Je vous comprends, mais pour cet article spécifiquement la livraison en 1 jour ouvré n'est malheureusement pas possible. ^AR",Thu Oct 26 13:53:46 +0000 2017,delivery_issue,no,,explain why 1-day delivery wasn't available for that item,delivery_issue,general_complaint,delivery_issue,"Je vous comprends, mais pour cet article spcifiquement la livraison en 1 jour ouvr n'est malheureusement pas possible. ^AR",no,"The customer is inquiring about a delivery status discrepancy without indicating extreme anger, financial loss, or repeated support failures."
2595437,#firetvstick is the biggest piece of shit ever made. Do not by. Buyers beware,"I'm sorry for the trouble! Without posting your personal/account details, can you please tell us more about what's going on? ^JM",Fri Nov 17 03:12:31 +0000 2017,general_complaint,yes,"cursing, telling others not to buy, sounds very upset",ask for specifics on what went wrong with the device,delivery_issue,general_complaint,general_complaint,"I'm sorry for the trouble! Without posting your personal/account details, can you please tell us more about what's going on? ^JM",no,"The message is a general product complaint and warning without specific account issues, financial disputes, or threats that require human intervention."
2575169,y'all are taking an extra pound out of my bank account. my order came to £11.46 and another £1 is being taken out :/,Hello! I'm sorry for the frustration. We'd love to help! This sounds like the authorization for the order. You can find out more about them here: Let us know if you have any other questions! ^AJ,Thu Nov 16 20:58:13 +0000 2017,billing_payment,no,,explain the extra charge is likely a card authorization hold,delivery_issue,account_access,billing_payment,Hello! I'm sorry for the frustration. We'd love to help! This sounds like the authorization for the order. You can find out more about them here: Let us know if you have any other questions! ^AJ,no,"The customer is inquiring about a minor billing discrepancy of 1.00, which does not meet the threshold for a high-value financial dispute or unauthorized charge requiring human escalation."
229967,So that means winner has not been chosen yet?? Do I still have a chance??,Winners will be announced by October 25th. Stay tuned for more updates. ^MM,Thu Oct 05 08:37:46 +0000 2017,other,no,,give date for contest winner announcement,delivery_issue,product_inquiry,other,Winners will be announced by October 25th. Stay tuned for more updates. ^MM,no,"This is a general inquiry about a promotion status that does not involve financial disputes, security issues, or extreme distress."
394901,"Is there anyone who is really concerned abt their customers? Desperately looking for positive solution. I m not getting any Email response too. Extremely disappointing. Instead of postmorteming the issue, give me the replacement of goods..🙏🙏",Request you to revert to our email correspondence that you have received on your registered email ID here: with further query on this and we'll be happy to take it over from there. (2/2)^SF,Mon Nov 20 09:12:50 +0000 2017,damaged_or_wrong_item,yes,"says they already emailed with no response, sounds desperate","point to prior email thread, offer replacement",delivery_issue,product_inquiry,general_complaint,We are sorry to hear about the inconvenience. Please check your registered email ID for our recent correspondence and revert there with further details so we can assist you with a replacement. ^SF,yes,"The customer reports a lack of response from previous support attempts and expresses extreme disappointment, indicating a repeated failure that requires human intervention."
355584,Putain je paie un compte premium (donc pas de frais de livraison) mais vu que j'habite en Italie maintenant je paie la livraison,"Bonjour, afin de savoir plus concernant les adresses éligibles au premium, je vous prie de cliquer sur:",Sun Oct 08 14:12:06 +0000 2017,billing_payment,no,,explain which countries get free prime shipping,delivery_issue,general_complaint,billing_payment,"Bonjour, afin de vrifier les adresses ligibles  la livraison gratuite Premium, je vous prie de cliquer sur :",no,"The customer is reporting a billing discrepancy regarding premium shipping benefits, which is a standard policy and account configuration issue that can be resolved by an AI bot without requiring human escalation."
2866144,"Seriously, things are screwed up when is more reliable than #AmazonLogistics #AmazonLogisticsSucks",I'm sorry for the poor delivery experience! We'd like to investigate this further. Have you had a chance to send us your order details through the link provided by ^JJ? ^MB,Tue Nov 28 00:04:20 +0000 2017,general_complaint,no,,ask for order details to look into delivery service,delivery_issue,general_complaint,delivery_issue,I'm sorry for the poor delivery experience! We'd like to investigate this further. Have you had a chance to send us your order details through the link provided by ^JJ? ^MB,no,"The message is a general complaint about logistics reliability without specific details of a failed delivery, financial loss, or account issue, making it suitable for automated handling."
972305,was 64 rupees which was reduced to 57 because of Diwali sale.Then 14 rupees tax and 62 rupees delivery which makes it 133 rupees,"on the website due to various reasons including time lag in updating prices post changes in M.R.P, product (2/3) ^GK",Sun Oct 22 09:55:40 +0000 2017,billing_payment,no,,explain price breakdown including tax and delivery fee,delivery_issue,delivery_issue,billing_payment,"We understand your concern regarding the final price. Please note that prices may fluctuate due to various reasons, including time lags in updating prices post changes in M.R.P. The total amount includes applicable taxes and delivery charges. ^GK",no,"The customer is providing a detailed breakdown of a low-value transaction (133 rupees) without explicit threats, high-value disputes, or signs of complex account issues, which fits the criteria for standard billing inquiry handling."
1057953,"After 7 years, i am finally canceling my Prime Membership. Recent delivery issues and poor packaging have made it more of a hassle than a convenience.",I'm sorry for the poor experience you had with us. Have these delivery issues been occurring with a specific carrier? ^VS,Sat Oct 14 21:23:00 +0000 2017,general_complaint,no,,"apologize for the years of loyalty lost, no specific order to check",delivery_issue,delivery_issue,account_access,I'm sorry to hear we've let you down. That is never our intention. Do you have a current order issue? We want to help if possible! ^EA,no,"The message is a routine cancellation request with general feedback, lacking the specific financial disputes, security threats, or extreme anger required for escalation."
1097842,Amazonで本を買って、そのまま熊本に住む祖母に送ったつもりが、なぜか我が家に届く。あれ？と思い、注文履歴を確認してみると、請求書の送り先が祖母になってた… 。うっかりな孫でごめんなさい。,突然失礼いたします、公式サポートです。「請求先住所」については便宜上ご登録いただくこととなっておりますが、別途請求書が送付されるということはございません。TN,Sun Oct 15 05:50:06 +0000 2017,billing_payment,no,,clarify billing address doesn't mean invoice is sent there,delivery_issue,general_complaint,delivery_issue,TN,no,"The customer is reporting a minor delivery address error and apologizing, which is a standard account/order correction issue that does not meet the criteria for escalation such as financial disputes, extreme anger, or complex security breaches."
1727718,I got my #EchoDot on 3-Nov &amp; today Alexa turned 3 year old #HBDAlexa Are we celebrating her birthday in India,"Oh yes!! Why don't you wish her yourself? You can say ""Alexa, happy birthday"" and find out!! #HBDAlexa ^RR",Tue Nov 07 03:51:14 +0000 2017,other,no,,"just a cute post about Alexa, no issue",delivery_issue,general_complaint,product_inquiry,"Oh yes!! Why don't you wish her yourself? You can say ""Alexa, happy birthday"" and find out!! #HBDAlexa ^RR",no,"The message is a general product inquiry and celebratory feedback regarding the device's anniversary, not a complaint or complex issue."
326371,"In firestick, settings then to the direct tv app. Clear cache. If that doesn't work then clear data too. Solved.",Perfect! Glad you got it figured out! Thanks for letting us know. 🙂 ^LB,Sat Oct 07 16:25:47 +0000 2017,other,no,,thank them for sharing the fix,delivery_issue,general_complaint,other,Perfect! Glad you got it figured out! Thanks for letting us know.  ^LB,no,"The message is a routine technical troubleshooting tip or feedback regarding a Firestick app, which does not meet the criteria for escalation."
1082359,"I'm pissed. Also, I'M CRYING. I CAN'T BELIEVE YOUR BOOK'S BEEN OUT FOR LIKE 2 WEEKS &amp; I STILL HAVEN'T READ IT 😭💔","I'm sorry to see the date changed! The book is still on its way to you, if not received by Thursday, please let us know! ^AR",Mon Oct 23 19:25:04 +0000 2017,delivery_issue,no,,"apologize for delay, give updated delivery status",delivery_issue,general_complaint,general_complaint,"I'm sorry to see the date changed! The book is still on its way to you, if not received by Thursday, please let us know! ^AR",no,"The message is a humorous, hyperbolic complaint about not having read a book rather than a genuine service failure or financial dispute."
2161828,so much time has been wasted following up to get my orders replaced. Amazon made the mistake and I have to take the hassle.,"Really sorry to hear about this, were you order's delayed? ^KM",Thu Nov 09 07:10:13 +0000 2017,damaged_or_wrong_item,yes,says it's been a repeated hassle to get items replaced,look into why replacements have taken so long,delivery_issue,general_complaint,damaged_or_wrong_item,"Really sorry to hear about this, were you order's delayed? ^KM",yes,The customer reports repeated failures in resolving the issue and expresses significant frustration regarding the wasted time and hassle.
2931424,"just part of a conversation with Melvin on your customer service team who seemed to think it was okay to take 3/4 minutes to reply to every message I typed, was rude and didn't actually say sorry for the mistake at any point in the conversation...",I'm sorry to hear that Simon. Please use the feedback e-mail received after the chat and their manager will be notified. ^DC,Wed Nov 29 07:43:55 +0000 2017,general_complaint,yes,complaint about a specific rude staff member,"needs manager review of the chat, bot can't judge staff conduct",delivery_issue,general_complaint,general_complaint,I'm sorry to hear about that experience. Please use the feedback e-mail received after the chat and their manager will be notified. ^DC,no,"The message is a general complaint about customer service responsiveness and tone, which does not meet the specific criteria for escalation such as financial disputes, threats, or complex account issues."
518849,the delivery company for my “Amazon scheduled delivery” has had my item for over a week and has now missed 2 delivery windows. I’m upset and doubting they will ever come through. Help?,I'm sorry to hear you haven't received your order. We'd like to look into the delivery and all available options here: ^LI,Sat Dec 02 01:59:30 +0000 2017,delivery_issue,yes,"missed 2 delivery windows already, item held over a week","apologize, look into what's holding up the delivery company",delivery_issue,delivery_issue,delivery_issue,I'm sorry to hear you haven't received your order. We'd like to look into the delivery and all available options here: ^LI,yes,"The customer reports that the delivery has missed multiple windows and the item has been held for over a week, meeting the criteria for repeated delivery failures."
637348,"not a single response from usps. all I received from you guys was ""we do not have a delivery date"" and it was sent to KY.","Thanks for the update, Tiania. In this case, would you be able to reach out to us here via phone or chat so we can take a look at this order with you? ^GS",Wed Nov 22 19:25:21 +0000 2017,delivery_issue,no,,"ask for tracking number, check with carrier",delivery_issue,delivery_issue,delivery_issue,"Thanks for the update. Since USPS hasn't provided a delivery date, please reach out to us here via phone or chat so we can take a look at this order with you: ^GS",yes,"The customer reports a missed delivery window and a lack of resolution from previous support, indicating a repeated failure."
2805127,Por isso eu te amo. Se a Amazon existe graças a Deus porque existe.,Muito obrigado pelas suas palavras! Saiba que o amor é mútuo. 🙈 Tomara que você consiga aproveitar as nossas promoções! :D ^CR,Wed Nov 22 02:37:23 +0000 2017,other,no,,"just a loving comment, no action needed",delivery_issue,general_complaint,other,Muito obrigado pelas suas palavras! Saiba que o amor  mtuo.  Tomara que voc consiga aproveitar as nossas promoes! :D ^CR,no,"The message is a compliment expressing gratitude and praise, which falls under routine feedback."
2613172,Empiezo a estar un poco frustrado con que en los paquetes de ponga una fecha de entrega y a la hora de la verdad lleguen dias mas tarde,"Hola Ivan, lamento cualquier inconveniente. ¿Podrías informarme si tienes algún pedido pendiente de entrega? ^AZ",Fri Nov 17 12:53:29 +0000 2017,delivery_issue,no,,ask if they have a delivery pending right now,delivery_issue,general_complaint,delivery_issue,"Hola, lamento cualquier inconveniente. Podras informarme si tienes algn pedido pendiente de entrega? ^AZ",no,"The customer expresses mild frustration about a late delivery but does not indicate extreme anger, financial loss, or repeated failures requiring human intervention."
2454053,this all orders are returned it's self why you just put if you don't want to sell or deliver #Amazon,We'd like to sort this for you. Please reply to the correspondence you received from Social Media team. ^GD,Sun Oct 29 18:32:51 +0000 2017,delivery_issue,no,,ask for more detail on what orders were returned and why,delivery_issue,refund_return,delivery_issue,We'd like to sort this for you. Please reply to the correspondence you received from Social Media team. ^GD,no,"The message expresses frustration about delivery but does not meet the specific escalation criteria for financial disputes, security breaches, or repeated failures."
205772,"Ah I see. I'll get on my pc later and try it. Guys, yall so helpful. Top lads. Let's just hope my issue is sorted.",Feel free to let us know the outcome of the contact! ^GG,Thu Oct 12 02:29:16 +0000 2017,other,no,,"thank them, no complaint here",delivery_issue,delivery_issue,other,Feel free to let us know the outcome of the contact! ^GG,no,"The customer is expressing gratitude and positive feedback, which falls under routine praise and does not require human escalation."
2399807,"So, doesn't want to refund my money? I have been patiently waiting. I sent the product back &amp; still haven't seen the money. Smh.","Hello, without sharing personal account details. Can you share with us what has occurred. Was the item sold by us directly ? ^CR",Fri Oct 20 11:17:39 +0000 2017,refund_return,yes,"says refund never came after they returned the item, sounds fed up",needs account check to confirm refund status,delivery_issue,refund_return,refund_return,"Hello, without sharing personal account details. Can you share with us what has occurred. Was the item sold by us directly? ^CR",no,"The customer is inquiring about the status of a standard refund after a return, which is a routine support task without indicators of high-value financial dispute or extreme distress."
73631,"Gee, thanks for suddenly wanting me to enter a random code that you sent to my old phone without reason, . I sold that phone. And the password was correct. But you know. Good job.","Hi, if you are getting verification codes sent to an old phone number, can you please update your new number on your account? You can find the instructions on how to do this here: ^KI",Thu Nov 30 10:21:17 +0000 2017,account_access,yes,"can't verify identity since old phone was sold, security code issue","needs manual account verification, can't self-serve",delivery_issue,account_access,account_access,"Hi, if you are getting verification codes sent to an old phone number, can you please update your new number on your account? You can find the instructions on how to do this here: ^KI",yes,"The customer is locked out of their account due to a security verification code sent to an old, sold phone, which constitutes a complex account access issue requiring human intervention."
73518,do you consider a communal area of a block of flats a safe place to leave a delivery? Especially when I am in the flat all day? Lucky my neighbours are not thieves.,"I am sorry to hear this, Alan. Is this the first time this ha happened? If not have you raised this with us directly?^SM",Thu Nov 30 10:34:31 +0000 2017,delivery_issue,no,,"note the delivery location preference, no theft actually happened",delivery_issue,delivery_issue,delivery_issue,I'm sorry to hear about the inconvenience with your delivery location. Please use this link so we can look into this with you: ^DO,no,"The message is a general inquiry about delivery safety policies and feedback regarding a communal area, not a specific financial dispute, security breach, or repeated failure requiring human intervention."
1103664,"Dear Amazon team, I placed order from your portal twice for the same product first on 29'sep then 6'oct still waiting for delivery",We've responded to you via DM. Kindly refer to the same. ^ST,Sun Oct 15 06:11:54 +0000 2017,delivery_issue,no,,"check both order numbers, give delivery status on each",delivery_issue,delivery_issue,delivery_issue,We've responded to you via DM. Kindly refer to the same. ^ST,no,"The customer is inquiring about a delayed delivery without expressing extreme anger, threatening legal action, or reporting a high-value financial dispute."
1108266,Any idea whether I can drop my return at a locker or if I have to pay to return the items? I have a print label.. ?!,"Hey, get in touch here: and we'll be happy to help. ^RS",Fri Nov 10 07:18:52 +0000 2017,refund_return,no,,explain locker drop off options for returns and if it's free,delivery_issue,refund_return,refund_return,"Hey, get in touch here: and we'll be happy to help. ^RS",no,"This is a standard inquiry about return logistics and costs, which falls under general policy questions suitable for automated handling."
1159111,Does this look like the shirt advertised?,"I'm sorry the shirt you received is different from the picture. When you contacted us, what info/options did we provide? ^BH",Sun Oct 15 19:25:24 +0000 2017,damaged_or_wrong_item,no,,"ask for a photo, offer replacement or refund",delivery_issue,product_inquiry,product_inquiry,"I'm sorry the shirt you received is different from the picture. When you contacted us, what info/options did we provide? ^BH",no,"This is a standard product inquiry regarding item accuracy, which falls under general product questions suitable for automated handling."
327577,Which doesn’t matter much because some of them were for my twins’ birthday party this evening. So that’s ruined.,"We'd like to look at what options may be available. When you have a moment, please reach us here: ^AC",Sat Oct 07 17:08:56 +0000 2017,delivery_issue,no,,apologize the items didn't arrive in time for the event,delivery_issue,general_complaint,damaged_or_wrong_item,"We'd like to look at what options may be available. When you have a moment, please reach us here: ^AC",yes,"The customer reports that the damaged items have ruined a specific, time-sensitive event (twins' birthday party), indicating a high-impact failure that requires human intervention to resolve."
1864715,アマゾンで買ったものが写真と違ってたので、返品して再度注文したらまた違うものが来るという悪夢・・・ああ3重苦。,なお、Amazonマーケットプレイスの出品者が発送する商品の場合は、恐れ入りますが、出品者に直接お問い合わせください。出品者へのお問い合わせ方法は、こちらをご参照ください。 TN,Mon Oct 30 08:37:56 +0000 2017,damaged_or_wrong_item,yes,wrong item sent twice in a row,look into why the replacement order also came wrong,delivery_issue,general_complaint,damaged_or_wrong_item, TN,yes,"The customer reports a repeated failure where a replacement item was also incorrect, meeting the escalation criteria for multiple failed support attempts."
1638591,is the offer still validwhere Vodafone customers get 250 cash back on prime subscription? I am nt able to use the same now.pl help,You may check and verify the details here: ^PB,Tue Oct 17 13:05:16 +0000 2017,billing_payment,no,,check if the cashback offer is still valid and how to use it,delivery_issue,product_inquiry,product_inquiry,You may check and verify the details here: ^PB,no,"This is a standard inquiry regarding the validity of a promotional offer and a minor usage issue, which does not meet the criteria for escalation."
2113609,Prime is an absolute god send when christmas is concerned ! I suggest everyone signs up ! #AmazonPrime,I personally love purchasing my Christmas presents on Amazon Prime too:) I hope you enjoy your festive shopping Kyle :) ^GA,Wed Nov 08 16:41:51 +0000 2017,other,no,,"just a happy post about Prime, no issue",delivery_issue,general_complaint,other,We're so glad you're enjoying Prime! Happy festive shopping! ^GA,no,"The message is a positive compliment and recommendation for Amazon Prime, which falls under routine feedback."
2967746,"I received an email that my package was delivered today, approx 4 hours ago. But, I've no package in my possession. Nothing on back patio, nothing at the front door, nothing at the apt manager office. Umm, where's my order?",I'm sorry you haven't received your package! Please review the steps listed here: ^QJ,Wed Nov 29 23:17:54 +0000 2017,delivery_issue,yes,"marked as delivered but nowhere to be found, could be stolen","needs investigation, may need reship or refund",delivery_issue,delivery_issue,delivery_issue,I'm sorry you haven't received your package! Please review the steps listed here: ^QJ,no,"This is a standard missing package inquiry where the customer has not yet indicated extreme anger, financial loss exceeding thresholds, or repeated support failures."
1437606,ええええAmazonさんからなんも頼んでないのに宅急便来るの怖すぎ,ご心配をおかけしております。ご家族のご注文や、お知り合いからの贈り物である可能性はございませんでしょうか。 お心当たりがない場合は文末のリンクよりカスタマーサービスまでお問い合わせください。 SM,Fri Oct 20 11:09:54 +0000 2017,account_access,yes,"got a package they never ordered, could mean account misuse",check if someone else has account access or ordered as a gift,delivery_issue,general_complaint,delivery_issue,  SM,yes,"The customer reports receiving an unauthorized package they did not order, which constitutes a potential security breach or account compromise requiring human investigation."
805611,"Ur store card service is bad. Made $800 pymnt on 7th money taken from bank, put on a hold. Told wait 1 day, 2 days now the 15th?","info when it was available? Let us know, we'd love to help out! (2/2) ^SA",Thu Oct 12 17:08:00 +0000 2017,billing_payment,yes,$800 held for over a week with no clear answer,"needs account team to release the hold, high dollar amount",delivery_issue,billing_payment,billing_payment,So sorry to hear the payment is still on hold! Please DM us your order number and the date of the transaction so we can look into this for you. ^SA,yes,"The customer is reporting a financial dispute involving an $800 payment that has been on hold for multiple days, which meets the criteria for high-value billing issues."
671811,Thanks to Amazon i m having a problem solving issues regarding Saregama Caarvan which i bought on Amazon.The site did not put the serial no. of the set on order summary &amp; now Saregama customer care says they cant help with the product which stopped working in 3 months.,Kindly get in touch with us here: and we'll check it for you. ^AU,Thu Nov 23 08:29:02 +0000 2017,damaged_or_wrong_item,yes,product broke in 3 months and the seller won't help,"customer stuck between Amazon and 3rd party seller, needs help sorting that out",delivery_issue,general_complaint,damaged_or_wrong_item,Im sorry to hear about the issue with your Saregama Caarvan. Kindly get in touch with us here: [link] and well check it for you. ^AU,yes,"The customer is facing a product failure with no serial number for warranty support, requiring human intervention to resolve the dispute and arrange a replacement or refund."
180572,I placd an order iPhone se 32 Gb variant with net banking and my acc blocked for security reason!My Order ID 404-6662997-2205169,"from our account specialist team, kindly revert to the email for further assistance. (2/3)^AP",Wed Oct 04 12:12:28 +0000 2017,account_access,yes,"account got blocked after placing an order, needs security review",needs account team to verify identity and unblock,delivery_issue,account_access,account_access,We cant discuss account details publicly. Please DM us your email ID so our team can assist you with the blocked account issue. ^AM,yes,"The customer reports a locked account due to security reasons, which is a complex account issue requiring human intervention."
2803279,So sent me a text saying I should buy something new for my cat. The only thing I would ever need if I had a cat is a lifetime supply of allergy pills. Bigger question - what on earth did someone in my house search for to trigger that algorithm?,Thanks for reaching out! Here's how you can improve your recommendations and avoid those random suggestions: ^AR,Wed Nov 22 01:44:06 +0000 2017,other,no,,just a question about how ads/recommendations work,delivery_issue,product_inquiry,general_complaint,Thanks for reaching out! Here's how you can improve your recommendations and avoid those random suggestions: ^AR,no,The message is a lighthearted complaint about a marketing algorithm rather than a serious issue requiring human intervention.
2903574,"You seriously need to rethink using Hermes to send big expensive items - they left my 43"" TV OUTSIDE in a cupboard which ended up with it getting smashed. #NotAHappyCustomer",Oh no! I'm so sorry to see your TV was delivered like this! We'd like to submit delivery feedback and see what options are available for your order. Please call or chat with us here: ^MB,Tue Nov 28 18:58:04 +0000 2017,damaged_or_wrong_item,yes,expensive TV left outside and got smashed,"apologize, this needs replacement or refund for a costly item",delivery_issue,damaged_or_wrong_item,delivery_issue,Oh no! I'm so sorry to hear your TV was damaged during delivery. We'd like to look into this for you. Please call or chat with us here: ^MB,yes,"The customer reports a high-value item (43"" TV) was damaged due to improper delivery, constituting a significant financial dispute and service failure."
1677993,After a month you are saying that address is undeliverable. I hv ordered so many things on sm location before. 407-38523644307521,I'm sorry about the trouble with the order. We'd like to take a closer look into this. Kindly report it to our support1/3 ^KH,Mon Nov 06 14:42:28 +0000 2017,delivery_issue,no,,"double check the address on file, it worked before",delivery_issue,delivery_issue,delivery_issue,I'm sorry about the trouble with the order. We'd like to take a closer look into this. Kindly report it to our support team here: [Link] and you will be connected to our team to assist further. 1/2^SC,yes,"The customer reports a delivery failure after a month of delay, which constitutes a missed delivery window and requires human intervention to resolve the undeliverable address issue."
2634731,So for the 4th time in 3 months my deliveries have just gone missing from while forever showing 'out for delivery'. Shocking service.,"I'm sorry for the troubles! To clarify, have we missed the promised delivery date found in your order confirmation e-mail? Please let us know, Jenni. ^AB",Fri Nov 17 19:11:24 +0000 2017,delivery_issue,yes,says this is the 4th time in 3 months,"apologize, look into pattern of missing deliveries",delivery_issue,delivery_issue,delivery_issue,"I'm so sorry to hear about the repeated delivery issues! To help us investigate this further, please DM us your order details: ^RA",yes,"The customer reports a repeated failure with four missing deliveries in three months, which meets the escalation criteria for multiple missed delivery windows."
2664654,Oui comme énoncé dans mon premier tweet. J’ai reçu un bon d’achat dd 5e qui ne couvrira pas la différence avec le prix dans le commerce,"Concernant les bons de réduction, ils sont soumis à des conditions d'utilisation. Voir : ^ARC",Tue Oct 31 11:23:17 +0000 2017,refund_return,no,,"check terms of the voucher, see if more compensation is possible",delivery_issue,general_complaint,billing_payment,"Concernant les bons de rduction, ils sont soumis  des conditions d'utilisation. Voir : ^ARC",no,"The customer is inquiring about a standard billing discrepancy regarding a gift card value, which does not meet the criteria for high-value financial disputes or unauthorized charges."
2621071,Can I purchase items on Amazon UK from the US and have them shipped to Romania? If so how would that work? Thanks!,"Hello! Yes, if the item is eligible to ship to Romania you will see it at checkout. More info can be found here: ^CN",Fri Nov 17 15:52:52 +0000 2017,product_inquiry,no,,explain international shipping eligibility to Romania,delivery_issue,delivery_issue,product_inquiry,"Hello! Yes, if the item is eligible to ship to Romania you will see it at checkout. More info can be found here: ^CN",no,"This is a standard inquiry about international shipping policies and does not involve financial disputes, account issues, or extreme distress."
1356317,Logistics at have gone horribly wrong. They fibbed re the 'attempted delivery' of 5 items yesterday; still not here today. Poor.,"I'm really sorry you haven't received your parcel! If not delivered by 21:00, please let us know: ^BV",Fri Oct 27 19:13:17 +0000 2017,delivery_issue,yes,"accusing carrier of lying about a delivery attempt, several items missing",look into the carrier's claim vs reality,delivery_issue,delivery_issue,delivery_issue,"I'm really sorry you haven't received your parcel! If not delivered by 21:00, please let us know: ^BV",no,"The customer is reporting a standard delivery delay and false attempt status for 5 items without indicating high financial value, threats, or repeated support failures."
1061384,Qué otras alternativas tengo para enviar lo que necesitan?,"Hola, es necesario seguir las instrucciones especificadas y enviar los datos haciendo uso de los medios establecidos. ^KS",Mon Oct 23 13:01:25 +0000 2017,other,no,,"not enough context, seems to be a follow-up to another question",delivery_issue,product_inquiry,delivery_issue,"Hola, es necesario seguir las instrucciones especificadas y enviar los datos haciendo uso de los medios establecidos. ^KS",no,"The customer is asking a general question about alternative delivery options, which is a standard policy inquiry suitable for automated handling."
2227063,What do you do when Prime says one day delivery but doesn't actually deliver in one day?,When was the expected delivery date on your confirmation email? What does your tracking currently say: ^MI,Fri Nov 10 09:21:19 +0000 2017,delivery_issue,no,,check tracking against the promised delivery date,delivery_issue,delivery_issue,delivery_issue,Hi there! Thanks for reaching out. Could you please DM us your order number and the expected delivery date so we can look into this for you? ^MI,no,This is a general policy inquiry regarding Prime delivery guarantees rather than a specific complaint about a failed shipment or financial dispute.
715448,it was supposed to arrive today. At least I'll get it Thurs. Hope it's signed like I ordered #TurtlesAllTheWayDown 🐢🐢,Please keep us posted when your order arrives! We'd love to hear how it is! ^GM,Tue Oct 10 23:44:52 +0000 2017,delivery_issue,no,,let them know updated delivery day,delivery_issue,general_complaint,delivery_issue,Please keep us posted when your order arrives! We'd love to hear how it is! ^GM,no,The customer is inquiring about a minor delivery delay with a positive tone and no signs of anger or financial dispute.
723285,Amazonで送り状が文字化けしてた件、荷物がちゃんと届いたのに、今度はなぜか返送されたことになって、返金手続き済みになった……。ミニスーパーファミコンが無料になるクーポンは使った覚えがないんですけど……。(もしかしてAmazon側で別の人と間違って手続きされたのでは……),ご迷惑をお掛けしております。本件につきましては状況を確認した上でご案内させていただきますので、誠に恐れ入りますが、以下のリンクよりカスタマーサービスにお問い合わせください。 TN,Wed Oct 11 02:13:42 +0000 2017,refund_return,yes,account shows wrong return/refund status even though item was received,"needs someone to check the account records, looks like a mix-up",delivery_issue,general_complaint,delivery_issue, TN,yes,"The customer reports a complex discrepancy involving a lost Mini Super Famicom (high-value item) and an unauthorized coupon application, indicating a potential financial dispute or account error that requires human investigation."
434588,"Amazon logestic team has arrived my house and talking roude, that he has delivered to neibour itseems, and we don't no anyone there and","That's unexpected, I'm sorry. Please respond to the email you received from the social media team, we'll look into this. ^JC",Fri Oct 13 10:52:00 +0000 2017,delivery_issue,yes,driver was rude and item ended up with an unknown neighbor,look into the courier's conduct and find the missing package,delivery_issue,delivery_issue,delivery_issue,I'm sorry to hear about the rude behavior and the delivery issue. Please DM us your order details so we can look into this for you. ^JC,yes,"The customer reports a delivery failure where the package was left with an unknown neighbor, requiring human intervention to resolve the missing merchandise."
343044,I did all follow ups after and it didn't resolve my issue and hence I had to do this. I want a resolution. Look at the product page and so many were cheated!!,"It is never our intention to cause inconvenience to you, my sincere apologies for the trail with the refunds. Write to us here: &amp; we'll get this sorted. ^MJ",Sun Nov 19 18:37:36 +0000 2017,refund_return,yes,says they already tried to follow up before with no fix,"needs a person to review, past attempts to resolve failed",delivery_issue,general_complaint,general_complaint,We sincerely apologize for the inconvenience and the frustration caused. We want to make this right. Please DM us your order details so we can investigate and resolve this for you. ^MJ,yes,"The customer reports that previous follow-ups failed to resolve the issue and alleges widespread fraud, indicating a complex dispute requiring human intervention."
318548,till now i have no confirmation about order even though guaranteed delivery !!,Apologies for the trouble. Please drop your details here: we'll connect with you on this. ^RB,Sat Oct 07 08:13:31 +0000 2017,delivery_issue,no,,ask for order number to check delivery confirmation,delivery_issue,delivery_issue,delivery_issue,Apologies for the trouble. Please drop your details here: we'll connect with you on this. ^RB,no,"The customer is inquiring about a missing delivery confirmation for a guaranteed delivery, which is a standard tracking status issue that does not meet the criteria for financial dispute, repeated failure, or extreme anger."
1497307,Mail aberrant de + puisqu'il pretend que le colis n'a pas été livré alors qu'il etait dans ma bal et que je l'ai retourné 😂,L'avez-vous signalé à notre SAV afin qu'il prenne les mesures nécessaires?^FT,Fri Nov 03 12:49:22 +0000 2017,delivery_issue,no,,ask them to report to shipping company support,delivery_issue,general_complaint,delivery_issue,L'avez-vous signal  notre SAV afin qu'il prenne les mesures ncessaires?^FT,no,"The customer is reporting a minor delivery discrepancy with a lighthearted tone and no indication of financial loss, anger, or complex account issues."
224398,Mera contact nahi hua so plz forward you this issue to your team,provided above and we'll check the issue for you. (2/2) ^KA,Thu Oct 05 06:34:18 +0000 2017,general_complaint,no,,ask them to clarify what issue needs forwarding,delivery_issue,general_complaint,general_complaint,"We'd like to help, kindly respond to the latest correspondence you received from us and we'll reach out to you soon. ^MN",no,"The message is a general complaint about lack of contact without specific details indicating financial dispute, severe anger, or complex account issues."
197777,"Try ordering twice, but am told not allowed because it violates limit. I explain it's for my gran, the responses are unhelpful/repetitive.",Please contact us to discuss your options : ^TD,Wed Oct 04 13:26:56 +0000 2017,general_complaint,yes,says previous replies were unhelpful and repetitive,"needs a real answer about the order limit, not a canned reply",delivery_issue,delivery_issue,general_complaint,We're sorry to hear about the frustration with the ordering limits. Please DM us so we can look into your specific situation and help you find a solution. ^TD,no,"The customer is expressing frustration with repetitive bot responses regarding a standard purchase limit policy, which does not meet the criteria for financial dispute, security breach, or extreme anger requiring human intervention."
2360434,No I contacted just delayed 😑,Please keep us posted on the delivery. ^JF,Mon Nov 13 21:11:16 +0000 2017,delivery_issue,no,,ask for updated tracking status,delivery_issue,delivery_issue,delivery_issue,Please keep us posted on the delivery. ^JF,no,"The customer is reporting a minor delivery delay without signs of extreme anger, financial dispute, or repeated support failures."
182501,Trying to purchase Star Wars Battlefront II for PC and getting this error. Any help?,Have you tried clearing cache/cookies and restarting your device? ^VS,Wed Oct 04 17:20:00 +0000 2017,product_inquiry,no,,"ask for a screenshot of the error, suggest basic troubleshooting",delivery_issue,product_inquiry,billing_payment,Have you tried clearing cache/cookies and restarting your device? ^VS,no,"The customer is reporting a technical error during a purchase attempt, which is a standard troubleshooting issue not meeting the criteria for financial dispute or complex account security escalation."
2837000,Not getting the option of e mailing as soon as i sign in...,You may try the option for chat/phone to contact us. We'll check this for you. ^SG,Mon Nov 27 15:12:17 +0000 2017,account_access,no,,suggest trying chat or phone instead of email option,delivery_issue,account_access,general_complaint,You may try the option for chat/phone to contact us. We'll check this for you. ^SG,no,"The message describes a minor UI inconvenience regarding email options, which does not meet the criteria for financial disputes, security breaches, or extreme anger."
2802340,"hola, necesito su ayuda, me habilitan para enviarles mensaje directo? gracias","¡Hola! Sí, con gusto te ofrecemos nuestro servicio a través de Mensaje Directo. Por seguridad necesitamos que nos envíes primeramente tu consulta o solicitud a través de la opción de Mensaje Directo y estaremos respondiendo a través de ese medio. ¡Saludos! ^PC",Wed Nov 22 01:11:57 +0000 2017,other,no,,confirm they can DM after sending an initial request,delivery_issue,product_inquiry,other,"Hola! S, con gusto te ofrecemos nuestro servicio a travs de Mensaje Directo. Por seguridad necesitamos que nos enves primeramente tu consulta o solicitud a travs de la opcin de Mensaje Directo y estaremos respondiendo a travs de ese medio. Saludos! ^PC",no,"The customer is politely requesting a channel to send a direct message, which is a routine inquiry that does not meet the criteria for escalation."
2419470,"If someone can contact me personally, I can help. Cz I had enough of filling form and updating you guys. needs fast solution to it",I understand. Please share the details and your preferred time of call here : and we'll get back. ^SK,Sun Oct 29 12:41:53 +0000 2017,general_complaint,yes,"tired of filling out forms again and again, wants a real person",offer direct contact instead of repeating the form process,delivery_issue,general_complaint,general_complaint,I understand. Please share the details and your preferred time of call here : and we'll get back. ^SK,yes,"The customer explicitly requests personal contact and expresses frustration with previous support interactions, indicating a need for human intervention."
535060,They’ve now marked them as ‘return requested’ which isn’t the case at all. Asked them to find out where they were. #makingitupastheygoalong,SO sorry to hear that your package hasn't arrived and is showing as return requested. Have you already contacted us through the link previously provided? ^GS,Sat Dec 02 12:14:58 +0000 2017,delivery_issue,yes,"says they already contacted before about this, wrong status shown",check with account team why it's marked return requested,delivery_issue,refund_return,refund_return,SO sorry to hear that your package hasn't arrived and is showing as return requested. Have you already contacted us through the link previously provided? ^GS,no,"The customer is inquiring about a return status discrepancy and expressing frustration, but the message does not indicate a high-value financial dispute, security breach, or repeated support failure that meets the specific escalation criteria."
1558960,where is my order ? When will i get it ? 😤,Apologies for the trouble. Kindly reach out to our support team here: &amp; we'll look into it. ^EM,Mon Oct 23 10:50:56 +0000 2017,delivery_issue,no,,ask for order number to check status,delivery_issue,product_inquiry,delivery_issue,Apologies for the trouble. Kindly reach out to our support team here: &amp; we'll look into it. ^EM,no,"The message is a standard delivery status inquiry with mild frustration, lacking the severity, financial dispute, or repeated failure criteria required for escalation."
1398273,And my second order is marked delivered directly to customer where as i dint get it... whats going on....,"Seems like an incorrect tracking update, could be an error. Please connect with us via the link provide earlier. ^MS",Mon Oct 16 17:33:37 +0000 2017,delivery_issue,yes,marked delivered but customer says they never got it,"check tracking for errors, may need reship",delivery_issue,delivery_issue,delivery_issue,"Seems like an incorrect tracking update, could be an error. Please connect with us via the link provide earlier. ^MS",no,This is a standard delivery discrepancy inquiry that can be resolved by checking tracking details or initiating a standard replacement/refund process without requiring immediate human intervention.
1072160,Every time I'm told that my query has been escalated and will be resolved. 9 hrs ago I was told that I will get a back call in 30 mins,Sorry to know about your experience. Please share your details here: I'll reach and assist. ^SV,Sat Oct 14 23:58:40 +0000 2017,general_complaint,yes,already promised a callback that never happened,"needs real follow up, bot already failed to deliver on promise once",delivery_issue,delivery_issue,general_complaint,Sorry to hear we've let you down with the missed callback! Please DM us your order details so we can look into this and get it resolved for you. ^SV,yes,The customer reports repeated failures by previous support agents and missed delivery windows for a promised callback.
964969,I have sent my details. Please call!,Thank you for sharing your details. We've received them and will get in touch with you at the earliest. ^AU,Sat Oct 14 12:37:43 +0000 2017,other,no,,"confirm details received, let them know next steps",delivery_issue,general_complaint,account_access,Thank you for sharing your details. We've received them and will get in touch with you at the earliest. ^AU,yes,"The intent is account access, which falls under complex account issues requiring human verification and security review."
2885658,Do you know what date it ends on?,"The current sale is part of our Cyber Monday Deals week. The Cyber Monday deals will continue throughout the week, but individual sales may be changed or removed throughout the period. ^GS",Tue Nov 28 11:54:43 +0000 2017,other,no,,give the sale's end date,delivery_issue,product_inquiry,billing_payment,"The current sale is part of our Cyber Monday Deals week. The Cyber Monday deals will continue throughout the week, but individual sales may be changed or removed throughout the period. ^GS",no,"This is a general inquiry about a billing date, which falls under standard policy questions and does not meet the criteria for escalation."
248649,c’est gentil. la prochaine fois je pourrai refuser que s’occupe de ma livraison ?,"Le choix du transporteur n'est pas possible pour le moment, désolée, mais nous ne manquerons pas de remonter cela ^KE",Thu Oct 05 17:07:16 +0000 2017,delivery_issue,no,,explain if they can choose or avoid a specific carrier,delivery_issue,product_inquiry,delivery_issue,"Le choix du transporteur n'est pas possible pour le moment, dsole, mais nous ne manquerons pas de remonter cela ^KE",no,"The customer is making a polite request to opt out of a delivery service rather than reporting a failure, dispute, or emergency."
322869,15:10 on a Saturday &amp; have not received any notification of expected delivery. When should we accept it's not arriving,"What delivery date was provided at checkout, Adie? Deliveries can occur up until 21:00. Keep us updated! ^CS",Sat Oct 07 14:10:46 +0000 2017,delivery_issue,no,,give latest delivery estimate window,delivery_issue,delivery_issue,delivery_issue,What delivery date was provided at checkout? Deliveries can occur up until 21:00. Keep us updated! ^CS,no,"The customer is inquiring about a missing delivery notification and expected arrival time, which is a standard tracking status inquiry without evidence of extreme anger, financial dispute, or repeated failure."
2509207,"Bonsoir :) Oui, précommandé depuis le 11.",Quelle a été la date de livraison annoncée initialement? ^BR,Wed Nov 15 22:45:18 +0000 2017,delivery_issue,no,,confirm preorder delivery date,delivery_issue,general_complaint,other,Quelle a t la date de livraison annonce initialement? ^BR,no,"The message is a casual confirmation of a pre-order status without any signs of distress, financial dispute, or complex account issues."
279189,Hi i cannot download music app on win10 unable to copy file,"Hello, which device are you currently using for the download ? ^CR",Fri Oct 06 09:06:05 +0000 2017,product_inquiry,no,,basic troubleshooting for app download issue on windows,delivery_issue,general_complaint,other,"Hello, which device are you currently using for the download? ^CR",no,"This is a standard technical support inquiry regarding software installation and file management, which does not meet the criteria for financial disputes, security breaches, or severe customer dissatisfaction."
369204,Order No. - 171-1286331-4709929 Are you going to dispatch this order ??,Our products are shipped on time so they can reach you by the estimated delivery date. Could you please confirm if we have missed the mentioned time frame? (1/2)^SF,Sat Nov 25 04:44:33 +0000 2017,delivery_issue,no,,give dispatch status of order,delivery_issue,product_inquiry,delivery_issue,Please dont provide your order details as we consider them to be personal info. Our page is visible to public. ^SG,no,"The customer is inquiring about the dispatch status of a specific order, which is a standard tracking inquiry that does not meet the criteria for escalation."
2511617,"Si claro, el 17 de noviembre y vendido por Servicios Comerciales Amazon México","Raúl, gracias por el dato, en este caso, como la fecha de entrega aún no expira, lo mejor sería esperar hasta el mismo 17 de noviembre, un paquete puede llegar antes de la fecha programada, pero por lo general, debería llegar ese mismo día. ^CB",Thu Nov 16 00:01:09 +0000 2017,delivery_issue,no,,confirm seller info and delivery timeline,delivery_issue,general_complaint,other,"Gracias por la informacin. Como la fecha de entrega an no ha llegado, lo ideal es esperar hasta el 17 de noviembre, ya que por lo general el paquete llega ese mismo da. ^CB",no,"The message is a brief confirmation of a date and seller without expressing anger, financial dispute, or complex account issues."
2447411,"USPS. It's not just ""frustrating,"" it's a failure of my prime membership.","Sorry for any upset caused, unexpected delays can happen, we would expect your order with you sooner, the latest we would ask you to wait is the 16th of Nov. ^NV",Wed Nov 15 13:48:33 +0000 2017,general_complaint,no,,apologize for carrier trouble affecting their prime experience,delivery_issue,delivery_issue,delivery_issue,Sorry for the frustration with your delivery. Please DM us your order details so we can look into this for you. ^NV,no,"The message expresses frustration about a delivery issue but does not meet the specific escalation criteria such as financial disputes, threats, or repeated support failures."
1262278,". riesiger Rechenpower, 100+ Milliard Umsatz aber kann Fake-Rezensionen nicht lösen? Ne nur kein Bock...","Hi, ich leite das gerne mal zur Überprüfung weiter. Vielen Dank! Liebe Grüße ^TA",Thu Oct 26 10:43:45 +0000 2017,general_complaint,no,,let them know feedback on fake reviews is being passed along,delivery_issue,product_inquiry,general_complaint,"Hi, ich leite das gerne mal zur berprfung weiter. Vielen Dank! Liebe Gre ^TA",no,"The message is a sarcastic general complaint about platform policy rather than a specific financial dispute, security breach, or case of repeated service failure requiring human intervention."
575998,OrderNo-171-6137602-7663551. Worst customer service.Getting reply of template mails. Abrupt disconnect from chats. I think i wasted rs12000 in which don't care about customer satisfaction. Goodbye,"Please don't provide your order details, we consider it to be personal information. Our page is visible to the public.2/2 ^KK",Sun Dec 03 08:12:52 +0000 2017,general_complaint,yes,"spent about rs12000, got template replies, says goodbye (leaving)","needs a real person, customer is about to leave over bad experience",delivery_issue,delivery_issue,general_complaint,"We are sorry to hear about your experience. Please don't share order details publicly as this page is visible to everyone. To assist you further, please DM us your contact details. ^KK",yes,The customer is expressing extreme dissatisfaction with previous support interactions and explicitly threatening to leave the platform.
2212009,"really don't like when your couriers lie about accessing my location that has no security gate. My son has allergies, I order his food from you. Now he has to wait bc your courier doesn't know how to Google map. Or call us if lost. Thx",I'm sorry you haven't received your order. We'd like to look into this with you. Please send more details here: ^CL,Fri Nov 10 05:04:58 +0000 2017,delivery_issue,yes,"courier lied about location access, kid with allergies waiting on food",this needs urgent follow up given food/allergy angle,delivery_issue,delivery_issue,delivery_issue,I'm sorry to hear about the delivery issues and the delay affecting your son. Wed like to look into this with you. Please send more details here: ^CL,no,"The message expresses frustration about a delivery delay and courier behavior but does not meet the criteria for escalation such as extreme anger, financial disputes, repeated failures, or complex account issues."
1380270,I have placed 3 orders none of them have delivered yet. I had to cancel it after waiting for a months See Order#__credit_card__,Sorry to know about this. Please reach us from here: we'll assist you. (1/2) ^SV,Sun Oct 29 01:46:26 +0000 2017,delivery_issue,yes,"3 orders never delivered over a month, had to cancel, shared card info","needs account review, also flag that payment info was shared in message",delivery_issue,delivery_issue,delivery_issue,Sorry to hear about the delays with your orders. Please reach us from here: we'll assist you. (1/2) ^SV,yes,"The customer reports multiple undelivered orders and a month-long wait, indicating repeated failure and significant service disruption."
2061455,lo compre por Amazon a la librería outlet ex libris no se si entra como externo... Muchas gracias.,"Ariel, aquí: puedes ver cómo contactar al vendedor para saber más detalles sobre la entrega. ^VM",Sun Oct 29 03:04:20 +0000 2017,product_inquiry,no,,explain if third-party outlet sellers count as external sellers,delivery_issue,general_complaint,product_inquiry,"Ariel, aqu: puedes ver cmo contactar al vendedor para saber ms detalles sobre la entrega. ^VM",no,"The customer is asking a general product inquiry about a specific seller and includes polite language, which fits the criteria for auto-handling."
2954352,"nothing hurts more than a ""your order might be delayed"" message from Amazon at 8 in the morning",Please let us know if you don't receive your order within the specified time; we're here to help if anything comes up! ^WM,Wed Nov 29 18:47:49 +0000 2017,delivery_issue,no,,reassure them and give tracking update if available,delivery_issue,delivery_issue,delivery_issue,We're sorry to hear that! Please let us know if you don't receive your order within the specified time; we're here to help if anything comes up! ^WM,no,"The message expresses frustration about a delay notification but does not indicate a missed delivery window, financial dispute, or complex account issue, making it suitable for standard automated handling."
1642706,Listo! Gracias,"¡Gracias a ti, MaYra! ^CR",Mon Nov 06 01:03:54 +0000 2017,other,no,,"just a thank you, nothing more needed",delivery_issue,general_complaint,other,Gracias a ti! Estamos para servirte. ^AM,no,"The message is a brief expression of gratitude and confirmation, indicating a resolved or positive interaction without any issues requiring human intervention."
1325575,Not on priority its high priority you have committed and you have to solve it,"I can understand your urgency, however responding to the email correspondence will resolve your issue faster, (1/2) ^SI",Fri Oct 27 10:54:44 +0000 2017,general_complaint,no,,"acknowledge urgency, ask what's the actual issue to solve",delivery_issue,general_complaint,general_complaint,I understand the urgency. Please reply to the email we sent you so we can resolve this issue faster. ^SI,no,"The message expresses frustration and urgency but lacks specific details regarding financial disputes, security breaches, or repeated failures that meet the criteria for mandatory escalation."
392145,"hola, hice mi pedido hace aproximadamente un mes y aun no me llega, cuanto tiempo puede tardar un pedido?","Hola, nos comentarías, ¿cuál es la fecha de entrega de tu pedido? ^HC",Mon Oct 09 16:36:32 +0000 2017,delivery_issue,no,,give typical delivery time frame for their order,delivery_issue,product_inquiry,delivery_issue,"Hola, nos comentaras, cul es la fecha de entrega de tu pedido? ^HC",no,The customer is inquiring about the standard delivery timeframe for a delayed order without expressing extreme anger or indicating a complex account issue.
2452114,gibt es eine Möglichkeit Serien/Filme als ungesehen zu markieren,"Hi, bitte gehe zu: Mein Prime -&gt; Prime Video -&gt; Alle Videos -&gt; Mein Programm bearbeiten. :) Lieber Gruß ^SI",Sun Oct 29 17:35:04 +0000 2017,product_inquiry,no,,explain how to mark shows as unwatched in Prime Video,delivery_issue,general_complaint,product_inquiry,"Hi, bitte gehe zu: Mein Prime -> Prime Video -> Alle Videos -> Mein Programm bearbeiten. :) Lieber Gru ^SI",no,"This is a standard product inquiry regarding how to use a specific feature, which falls under general policy or product questions suitable for auto-handling."
975760,worst delivery when you guys not able to deliver on time then why promise for guaranteed delivery. Worst delivery services.,"Apologies for the miss and the inconvenience with the delivery of your order, certainly not intended. 1/2 ^PS",Sun Oct 22 03:43:39 +0000 2017,delivery_issue,no,,"apologize for the missed guarantee, give new timeline",delivery_issue,delivery_issue,delivery_issue,"Apologies for the miss and the inconvenience with the delivery of your order, certainly not intended. 1/2 ^PS",no,"The message expresses general frustration about a late delivery but does not indicate extreme anger, financial loss, repeated failures, or complex account issues."
1570819,No update on my order since 18 hrs.. worst services in store has betr services nd are on par with promises,"Please don't provide your order details, as we consider it to be personal information. Our Twitter page is public.​ ^RW",Tue Oct 17 05:57:13 +0000 2017,general_complaint,no,,"apologize, ask for order number to check the 18 hour delay",delivery_issue,general_complaint,delivery_issue,Sorry for the lack of updates on your order. Please don't share order details here as this is a public page. Kindly DM us your order ID so we can check the status for you. ^RW,no,"The message is a standard delivery status inquiry with mild frustration, lacking the severity of threats, financial disputes, or repeated failures required for escalation."
709974,Wow why tf was I delivered and empty bag just carelessly thrown in my backyard ???,Oh no! That's not good! We'd like to go over available options with you via phone/chat here: ^KP,Tue Oct 10 21:07:25 +0000 2017,damaged_or_wrong_item,yes,"cursing, package/bag arrived empty, contents missing",needs investigation into what happened to the missing item,delivery_issue,delivery_issue,delivery_issue,Oh no! That's not good! We'd like to go over available options with you via phone/chat here: ^KP,yes,"The customer reports receiving an empty bag instead of their merchandise, which constitutes a significant delivery failure and potential loss of goods requiring human intervention."
1696857,Me too! This link sends me to a general page. Is frustrating. Give me an email or call me at 9175135767. It was my kids past birthday gifts!,"As we do not have account access here on Twitter, please use the above link to login and contact us. ^TR",Sun Oct 29 17:07:16 +0000 2017,account_access,yes,"frustrated with links not working, shared their phone number publicly",reach out privately instead of asking them to keep using the broken link,delivery_issue,general_complaint,general_complaint,"As we do not have account access here on Twitter, please use the above link to login and contact us. ^TR",no,"The message is a general complaint about a broken link and a request for contact, which does not meet the specific criteria for financial disputes, security breaches, or extreme anger requiring human escalation."
2263092,hi folks please could you help me about a refund currently processing? Thanks,"We'd love to help wherever possible! Without posting personal/account details, can you please tell us what's going on? ^JM",Mon Nov 20 22:59:28 +0000 2017,refund_return,no,,check current status of the refund in progress,delivery_issue,refund_return,refund_return,"We'd love to help wherever possible! Without posting personal/account details, can you please tell us what's going on? ^JM",no,"The customer is politely inquiring about the status of a standard refund, which is a routine support task."
1546650,completley shameless . and cs hv only canned ans.no proper eacaltion mech.no track. request some senior mem to call,Apologies for the hassle. I’d like to take a closer look at this issue. Please fill this form: 1/2 ^SC,Sat Nov 04 06:56:30 +0000 2017,general_complaint,yes,explicitly asking for a senior person to call them,"respect the request, route to a human, not just canned replies",delivery_issue,general_complaint,general_complaint,Apologies for the hassle. Id like to take a closer look at this issue. Please fill this form: 1/2 ^SC,yes,"The customer explicitly requests a senior agent call and complains about the lack of a proper escalation mechanism, indicating a need for human intervention beyond standard bot capabilities."
697913,still waiting that you guys will deliver it some day. You guys are real assholes. Getting paid without solving customer's issue.,We're sorry to know you feel this way. We've sent the correspondence to your registered email ID.(1/2)^RS,Thu Oct 12 06:14:25 +0000 2017,general_complaint,yes,"calling staff names, very angry tone",needs calm human handling given the hostility,delivery_issue,delivery_issue,delivery_issue,We're sorry to know you feel this way. We've sent the correspondence to your registered email ID. (1/2)^RS,yes,The customer is using abusive language and expressing extreme frustration regarding a persistent delivery failure.
1506872,"what R u guys upto, the return is also complete but my refund is still pending, why R u scamming Us.","I'm sorry about the delay in refund, Vinod. Could you confirm if you've shared your details in the link provided earlier? ^HD",Mon Oct 16 23:30:13 +0000 2017,refund_return,yes,accusing the company of scamming them over a pending refund,"serious accusation, needs a person to check refund status",delivery_issue,refund_return,refund_return,I'm sorry about the delay in refund. Could you confirm if you've shared your details in the link provided earlier? ^HD,yes,"The customer is using accusatory language ('scamming') and expressing frustration over a pending refund, indicating a potential financial dispute that requires human intervention."
2452836,I had a word with your team also but they couldn't resolve issue.. They directly informed me they have a Prime team but they can,prime membership here: Keep us posted if the issue still persists. (2/2)^SQ,Sun Oct 29 18:45:09 +0000 2017,general_complaint,no,,"message cuts off, ask them to clarify what team said",delivery_issue,general_complaint,general_complaint,We're sorry to hear the issue persists. Please DM us your account details so our Prime team can assist you further. ^SQ,yes,"The customer reports a repeated failure by previous support agents to resolve their issue, which meets the escalation criteria."
57430,"Finally got Echo in India. However, unable to update my location to Mumbai India.","That is unusual, Could you please let us know the error that you are receiving ? ^KS",Wed Nov 01 19:56:06 +0000 2017,product_inquiry,no,,help fix device location setting,delivery_issue,general_complaint,account_access,"That is unusual, Could you please let us know the error that you are receiving ? ^KS",no,"The customer is reporting a standard account configuration issue regarding location settings, which does not meet the criteria for complex security breaches or severe service failures."
2852232,are very happy to take my £8 a month for Prime but now it’s almost December their “one day delivery” takes 3 days!! What’s the point #cancelprime,"If we miss the delivery date provided here, please let us know! We want to be sure you receive your order on time, Jonathan. ^MT",Mon Nov 27 19:50:20 +0000 2017,billing_payment,yes,threatening to cancel prime over broken one-day delivery promise,needs to know pattern before losing the customer,delivery_issue,delivery_issue,delivery_issue,Were sorry to hear your Prime delivery is taking longer than expected. Please let us know the order details here so we can look into it for you! ^LI,no,"The customer is expressing frustration about a delivery delay and using a hashtag, but the message lacks the extreme anger, threats, or specific financial disputes required for escalation, making it suitable for standard automated handling."
1769762,What the hell is wrong with you. Learn a thing or two from your competitor . you hardly ever need to call their customer support and if you do they resolve your query. On the other hand your delivery suck big time even for prime member. Up your game or gtfo.,That's quite a remark. Could you please elaborate on your concern so that we can make things right for you? ^SD,Thu Nov 30 19:32:44 +0000 2017,general_complaint,yes,"harsh insults, comparing to competitor","needs human tone, not scripted reply, given hostility",delivery_issue,delivery_issue,delivery_issue,That's quite a remark. Could you please elaborate on your concern so that we can make things right for you? ^SD,yes,"The customer is extremely angry, using abusive language, and explicitly threatening to leave the service."
863318,WHAT A PRANK BY AMAZON THANKYOU SO MUCH AMAZON FULLY FED UP,Have you reported this to our support team here: ? (2/2)^HR,Mon Oct 30 11:16:39 +0000 2017,general_complaint,yes,"all caps, sounds very upset even though unclear what happened",ask calmly what specifically went wrong,delivery_issue,general_complaint,general_complaint,We're sorry to hear you're feeling fed up. Could you please DM us more details so we can look into this for you? ^HD,no,"The message expresses general frustration and dissatisfaction but lacks specific details regarding financial disputes, account security issues, or repeated service failures that meet the escalation criteria."
2520652,今日はのんびり。Amazonでドキュメンタル見てるけど飛蚊症ひどい。,こんにちは、Amazonです。ご利用いただきありがとうございます(◍ •◡• ◍) SK,Thu Nov 16 00:43:35 +0000 2017,other,no,,"just a casual post, not a complaint",delivery_issue,general_complaint,other,Amazon(  ) SK,no,"The message is casual feedback about a personal health condition while using the service, containing no request for support or indication of a service failure."
911934,"Something is wrong with , my orders are not even getting delivered, every order has problem. I think this the time to stop amazon","Sorry for the trouble, Sandesh. Please reach out to our support team here: for immediate assistance. ^JC",Sat Oct 21 07:01:54 +0000 2017,delivery_issue,yes,"says every order has a problem, thinking about quitting Amazon","look into account's delivery history, why so many issues",delivery_issue,delivery_issue,delivery_issue,Sorry for the trouble with your deliveries. Please reach out to our support team here: [link] for immediate assistance. ^JC,yes,"The customer reports a pattern of undelivered orders and explicitly threatens to stop using Amazon, indicating extreme dissatisfaction and churn risk."
2052215,Shipped. China post.,Have you been able to reach out to the seller regarding this? For info on how to: ^JA,Wed Oct 18 23:56:15 +0000 2017,other,no,,"short status update, not clear if a question",delivery_issue,delivery_issue,other,Have you been able to reach out to the seller regarding this? For info on how to: ^JA,no,"The message is a brief status update or inquiry regarding shipping details, which falls under standard tracking or general policy questions."
1712048,"Said items would be delivered today by 8PM, now says between Nov 7-8.","I'm very sorry for the delay, Taylor! Did we give a reason for the delay? Also, will you tell us the carrier? ^SK",Tue Nov 07 02:06:52 +0000 2017,delivery_issue,no,,confirm new delivery window,delivery_issue,delivery_issue,delivery_issue,"I'm very sorry for the delay, Taylor! Did we give a reason for the delay? Also, will you tell us the carrier? ^SK",no,"The message describes a standard delivery delay without evidence of extreme anger, financial loss, or repeated support failures."
15672,"Fool me twice! Another kindle release day, another missed ""guaranteed release day delivery"" #AMAZONFAIL",I'm sorry your Kindle hasn't arrived! Can you tell us the current tracking status? ^EZ,Wed Nov 01 01:55:19 +0000 2017,delivery_issue,yes,says this happened before with kindle release day delivery,apologize for repeated miss on guaranteed release day delivery,delivery_issue,delivery_issue,delivery_issue,I'm sorry your Kindle hasn't arrived! Can you tell us the current tracking status? ^EZ,yes,The customer explicitly states this is a repeated failure ('Fool me twice') regarding missed guaranteed delivery windows.
2584185,"None. Literally, I was told that the order left and was not complete, it was cancelled and I had to make a new order.",I'm sorry for the canceled order. That's not the type of service that we aim to provide. Please let us know if you have any other issues completing your order. ^FJ,Fri Nov 17 00:11:22 +0000 2017,delivery_issue,no,,"apologize order got cancelled without notice, confirm new order status",delivery_issue,general_complaint,delivery_issue,I'm sorry for the canceled order. That's not the type of service that we aim to provide. Please let us know if you have any other issues completing your order. ^FJ,no,"The message describes a standard order cancellation and re-ordering scenario without evidence of financial loss, extreme anger, or repeated support failures."
572848,Hi. My delivery of Taylor Swift's Reputation album CD is due on 28th Nov which I pre-ordered on 17th Oct. It's still showing Unavailable &amp; Not yet dispatched. Others are getting it though. Can you guys look into it pls? Been waiting on it since T. Swift announced it. 🤞,"I get your concern. We ship the products to meet the estimates. Please wait till the estimated delivery date for the delivery. If the product is not shipped or delivered by the mentioned time frame, please get back to us and we'll assist you further. ^NK",Mon Nov 27 14:04:17 +0000 2017,delivery_issue,no,,check why item still shows unavailable close to release date,delivery_issue,delivery_issue,delivery_issue,"I understand your concern. We aim to ship products to meet the estimated delivery date. Please wait until the 28th Nov for the delivery. If it hasn't been shipped or delivered by then, please get back to us and we'll assist you further. ^NK",no,"The customer is inquiring about a pre-order status that is still within its expected delivery window, which constitutes a standard tracking inquiry rather than a critical failure or dispute."
2146717,"But why all of my contact no are blocked , i need answer of this question",Sorry to know your phone number has been blocked. Kindly drop us an email or connect with us via chat using 1/2 ^SH,Thu Nov 09 03:54:46 +0000 2017,account_access,yes,contact numbers got blocked with no explanation,needs account team to explain and possibly unblock,delivery_issue,account_access,account_access,Sorry to hear your contact numbers are blocked. Please DM us your account details so we can assist you further. ^SH,yes,"The customer is reporting a complex account issue involving blocked contact numbers, which requires human investigation to resolve."
1032373,This is the order id 408-5064740-5073930 . What else you want.?,"I understand your concern, Rahul. We'll not be able to access your account over social media. 1/3 ^HD",Tue Oct 31 01:15:51 +0000 2017,other,no,,"seems like a follow up to a prior request, ask what's still needed",delivery_issue,product_inquiry,general_complaint,I understand your concern. We cannot access your account details over social media. Please DM us your email ID to assist you further. ^HD,no,"The message is a brief, ambiguous inquiry regarding an order ID without specific details indicating a financial dispute, security breach, or extreme anger that meets escalation criteria."
2311185,Steps followed - no dice. Packages were delivered on Saturday.,We'd like to take a closer look into this with you! Please reach out to us here for further assistance: ^QJ,Tue Nov 14 04:35:35 +0000 2017,delivery_issue,no,,"clarify what step didn't work, confirm actual delivery date",delivery_issue,delivery_issue,delivery_issue,We'd like to take a closer look into this with you! Please reach out to us here for further assistance: ^QJ,no,"The message indicates a standard delivery status inquiry where the customer has already attempted troubleshooting, without evidence of extreme anger, financial dispute, or repeated support failure."
678296,please its urgent if u can look into it,Kindly confirm if you've shared the details via the above link. ^SG,Mon Nov 20 14:17:09 +0000 2017,general_complaint,no,,ask for more detail on what's urgent,delivery_issue,general_complaint,other,Kindly confirm if you've shared the details via the above link. ^SG,no,"The message is a generic urgency request without specific details indicating a financial dispute, security breach, or extreme anger that meets escalation criteria."
158773,"I love how whenever you want to cancel or return am order from there is always an error and won't cancel it!!! Funny how when you spend money, or they take money from your account, they never seem to have a problem!!!","Hello, Ryan! I'm sorry to hear if you're having issues w/ canceling or returning an order. Since we do not have account access to review ourselves, please elaborate on this, w/o personal info, as to if further assistance is needed so we can help where we can. ^TM",Fri Nov 24 17:38:11 +0000 2017,refund_return,no,,"apologize for the cancel/return error, ask what error message shows",delivery_issue,refund_return,refund_return,"Hello! I'm sorry to hear you're having trouble canceling or returning an order. Since we don't have access to your account here, please DM us the details (without personal info) so we can look into it for you. ^TM",yes,"The customer reports a repeated technical failure preventing a standard return/cancellation, which requires human intervention to resolve the system error."
2349533,"Sorry that doesn't help. I contacted u on for it's supposed to be a more interactive and effective forum. What's your customer care email id and phone no, in case u don't want to solve my problem here?","I’m extremely sorry about this experience, Navnit. I'd like to closely look into this. Please share your details here: and I'll get in touch with you. ^MK",Mon Nov 13 17:39:21 +0000 2017,general_complaint,yes,says they contacted before through another channel with no fix,give direct contact info since twitter link hasn't worked for them,delivery_issue,product_inquiry,other,Im extremely sorry about this experience. I'd like to closely look into this. Please share your details here: [link] and I'll get in touch with you. ^MK,yes,"The customer is expressing frustration with previous support attempts and explicitly requesting human contact channels, indicating a need for escalation."
183342,"Si, pero en el sitio no hay opción para cancelar la orden. Tampoco encontré una opción para explicar el problema. Solo opciones predefinidas","Alvaro, el producto, ¿es vendido y gestionado por Amazon o es vendido por un vendedor externo? ^^DA",Wed Oct 04 10:59:24 +0000 2017,refund_return,no,,explain how to cancel an order or describe a problem on site,delivery_issue,general_complaint,refund_return,"Entendemos la frustracin. Para ayudarte mejor, el producto es vendido y gestionado por Amazon o por un vendedor externo? ^^DA",no,"The customer is reporting a standard UI limitation regarding cancellation options, which is a routine policy or navigation issue that can be resolved by an AI bot without requiring human escalation."
77620,", desde que la mayoría de envíos ha pasado a , tengo que perder mi tiempo en ir a la oficina, porque no hay manera de acordar con ellos una hora en que podamos estar en casa, así no veo ventajas en comprar online vs tener que ir a una tienda","Hola Jaime, lamentamos todo inconveniente. ¿Podrías comentarnos si actualmente tienes algún pedido pendiente para ayudarte? ^FZ",Thu Nov 30 12:01:03 +0000 2017,general_complaint,no,,"acknowledge inconvenience of pickup requirement, no specific order",delivery_issue,general_complaint,delivery_issue,"Hola, lamentamos el inconveniente con la entrega. Podras indicarnos el nmero de pedido para revisarlo? ^FZ",no,"The message expresses general frustration with delivery logistics and scheduling difficulties but does not indicate a specific failed delivery, financial dispute, or threat that meets the criteria for escalation."
2937486,Amazonプライム会員なったせいで映画観まくってしまう。 この前エクスマキナと2012とアバターとトランスフォーマーをぶっ続けでみた。,プライム・ビデオをご利用いただきありがとうございます🙇 ごゆっくりお楽しみくださいませ☺️ SM,Wed Nov 29 11:52:22 +0000 2017,other,no,,"just talking about watching movies, no issue",delivery_issue,general_complaint,other,  SM,no,"The message is a casual comment about enjoying Prime Video content and does not indicate any issue, dispute, or need for support."
1898510,"Haha oh no, everything's great! I just thought it was funny to ship my precious Mike and Ike's by themselves :) Thanks for checking though",Glad to hear it. Enjoy your candy! 😁 ^DW,Tue Oct 31 02:51:55 +0000 2017,other,no,,"lighthearted comment, nothing to fix",delivery_issue,delivery_issue,other,Glad to hear it. Enjoy your candy!  ^DW,no,"The customer is expressing satisfaction and making a lighthearted comment, which falls under routine feedback."
1366073,6:27 pm yesterday (24/11/17) it said out for delivery. That was the last I've heard.,Can you see from the tracking which carrier they were sent with? ^BZ,Sat Nov 25 12:27:43 +0000 2017,delivery_issue,no,,give latest tracking update,delivery_issue,delivery_issue,delivery_issue,Can you see from the tracking which carrier they were sent with? ^BZ,no,"The message is a standard inquiry regarding a package that has not been delivered since being marked out for delivery, which does not meet the criteria for extreme anger, financial dispute, repeated failure, or complex account issues."
1487694,ho scritto un articolo sulla vostra società. Vi può interessare pubblicarlo nelle vostre pagine social?,Se clicchi qui io e il mio team potremo verificare la tua richiesta! Grazie! A presto! ^GA,Thu Nov 02 20:50:38 +0000 2017,other,no,,"not a support issue, it's a business/media pitch",delivery_issue,product_inquiry,other,Se clicchi qui io e il mio team potremo verificare la tua richiesta! Grazie! A presto! ^GA,no,"The message is a routine inquiry regarding content publication on social media, which does not meet the criteria for escalation."
285603,Son ustedes mismos:,Puedes buscar el contacto del transportista a traves de este enlace: . ^MB,Fri Oct 06 14:23:10 +0000 2017,other,no,,"unclear context, ask what they mean",delivery_issue,general_complaint,general_complaint,Puedes buscar el contacto del transportista a traves de este enlace: . ^MB,no,"The message is a brief, ambiguous general complaint without specific details indicating financial dispute, severe anger, or complex account issues."
351825,I haven't. It was just delivered about 30 mins ago. What's the best way to contact you?,Click here: we'll help ^AS,Sun Oct 08 12:23:32 +0000 2017,delivery_issue,no,,confirm best way to reach support for their question,delivery_issue,delivery_issue,other,Click here: we'll help ^AS,no,"The customer is asking a general question about contact methods and reporting a recent delivery, which does not meet the criteria for escalation."
972729,register mobile-9414609031 mail __email__ KEDAR NATH VERMA LENOVO K4 VIBE PURCHAGE DATE-1 OCT2016 NOT GIVE 15+5% CASH,Kindly drop in your details through the secure link mentioned above. Please don’t provide your order/account details [1/2],Sat Oct 14 07:14:50 +0000 2017,billing_payment,yes,"shared their phone, email and full name publicly, cashback not honored","reach out privately, don't ask for more personal info in public",delivery_issue,general_complaint,billing_payment,Kindly drop in your details through the secure link mentioned above. Please dont provide your order/account details [1/2],yes,"The customer is reporting a financial dispute regarding a missing cashback offer on a specific purchase, which requires human verification and resolution."
2401241,Ayer comence a ver The Man in the High Castle de y ya esta dentro de mis series favoritas,"Te atrapa desde el primer instante, Renato 🙌 ¿Qué es lo que más te ha gustado de la serie? ^LG",Fri Oct 20 12:58:01 +0000 2017,other,no,,"just enjoying a show, no issue",delivery_issue,general_complaint,other,Qu buena eleccin!  Nos encanta saber que ya es una de tus favoritas. Qu es lo que ms te ha gustado de la serie? ^LG,no,"The customer is providing positive feedback and praise about a show, which falls under routine feedback."
865818,Can y’all unsuspend my account ?,I'm sorry I couldn't comprehend your concern. Could you please elaborate? ^KH,Thu Nov 09 14:03:53 +0000 2017,account_access,yes,"account suspended, needs someone to actually check and reinstate",can't unsuspend an account without human/account team review,delivery_issue,account_access,account_access,Sorry to hear that. Please check your registered email for instructions on how to restore access. ^KH,yes,Account suspension is a complex account issue requiring human review to determine the cause and restore access.
1692605,"Can't find a-z, filled out this","Here's some information on our A-to-Z Guarantee Claim: If you have any further questions, let us know! ^KN",Tue Nov 07 18:20:27 +0000 2017,refund_return,no,,help them find the A-to-Z Guarantee claim form,delivery_issue,general_complaint,other,"Here's some information on our A-to-Z Guarantee Claim: If you have any further questions, let us know! ^KN",no,"The message is a brief, non-urgent inquiry about locating a form or policy, which does not meet the criteria for escalation such as anger, financial dispute, or complex account issues."
2966509,"And for the 5th time in a row, I've called your customer service department and been told the packages will arrive tomorrow. Is the 5th time a charm?","Thank you for the update. I'd like to have a member of our team take a closer look into this. If you have a moment, please provide the requested information here: ^LR",Wed Nov 29 23:22:41 +0000 2017,delivery_issue,yes,says this is the 5th time being told it'll arrive tomorrow,"needs real follow up, repeated broken promises",delivery_issue,product_inquiry,delivery_issue,"Im so sorry for the repeated delays and frustration. Id like to have a member of our team take a closer look into this. If you have a moment, please provide the requested information here: ^LR",yes,"The customer has experienced repeated missed delivery windows and multiple failed support interactions, meeting the escalation criteria for persistent service failures."
2962658,Amazon logistics,Pourriez-vous nous indiquer le numéro de suivi afin qu'on puisse remonter cet incident je vous prie ? ^KE,Wed Nov 29 21:20:19 +0000 2017,other,no,,"just two words, not enough to know the issue",delivery_issue,general_complaint,delivery_issue,Could you please provide your tracking number so we can look into this for you? ^KE,no,"The message is a vague keyword without specific details indicating financial loss, extreme anger, or complex account issues, so it can be handled by a bot to gather more information."
52909,"that awkward moment you’ve recently moved 🏠 and you get your delivery sent to the wrong address (correct street, wrong number)",If the address is outdated the parcel will usually be returned to us by the carrier. See more here ^TG,Wed Nov 01 18:28:04 +0000 2017,delivery_issue,no,,confirm and correct the address on file,delivery_issue,delivery_issue,delivery_issue,If the address is outdated the parcel will usually be returned to us by the carrier. See more here ^TG,no,"The message is a casual, humorous observation about a delivery error rather than an angry complaint or a request for financial compensation, fitting the criteria for routine feedback."
1721602,"you having a laugh? Three time sensitive orders, one arrived too late the others been waiting for a week!","Sorry for the delay, Charlie! Are they sold by Amazon or one of our sellers? Let's check here: ^JZ",Tue Oct 17 18:29:37 +0000 2017,delivery_issue,yes,"three time sensitive orders delayed, one over a week late",needs urgent look given time-sensitive commitments,delivery_issue,delivery_issue,delivery_issue,"Sorry for the delay, Charlie! Are they sold by Amazon or one of our sellers? Let's check here: ^JZ",yes,"The customer reports multiple missed delivery windows for time-sensitive orders, indicating repeated failure and high frustration."
2147987,what happen 2 two day free delivery? I ordered and now it says Monday delivery. What the heck? #AmazonPrime #delivery,I'm sorry for the wait! Two-Day Shipping refers to transit speed in business days once an item's shipped. (1/2),Wed Nov 08 23:53:38 +0000 2017,delivery_issue,no,,explain two day shipping means transit time after it ships,delivery_issue,delivery_issue,delivery_issue,"I'm sorry for the confusion! Two-Day Shipping refers to the transit time after the item ships, not including the time it takes to pack and prepare your order. Once shipped, it will arrive within two business days. ^GR",no,"The customer is inquiring about a delivery delay and expressing frustration, but the message does not indicate extreme anger, threats, financial disputes, or repeated support failures that meet the escalation criteria."
1179711,"O rastreamento da diz que o produto tá em João Pessoa, mas mandou e-mail dizendo que já fez a 1ª tentativa de entrega em CG.","Oi Marcelo! Sentimos muito o acontecido, poderia confirmar se o seu pedido é vendido pela Amazon ou um vendedor externo? ^HC",Tue Oct 24 21:46:43 +0000 2017,delivery_issue,no,,check tracking discrepancy between locations,delivery_issue,general_complaint,delivery_issue,"Oi! Sentimos muito pelo ocorrido. Para melhor te ajudar, poderia confirmar se o seu pedido  vendido pela Amazon ou por um vendedor externo? ^HC",no,"The customer is reporting a discrepancy between tracking status and delivery notification, which is a standard delivery inquiry that can be investigated and resolved by an automated system without requiring human escalation."
1134998,"Ok. My current store is the US, not .br, will there be any problems contacting the com.br?",(2/2)here: ^MB,Fri Nov 03 18:26:57 +0000 2017,product_inquiry,no,,explain how switching country stores works,delivery_issue,product_inquiry,other,"It should work, can you see a little box at the top of the page saying you can go to .com, .co.uk if you want? ^AS",no,"This is a general policy inquiry regarding cross-border support contact, which does not meet the criteria for escalation."
983315,アカウントが乗っ取られた電話も繋がらないし利用停止に出来ません。,(2/2)サインインができない場合は、0120-999-373（フリーダイヤルを使えない場合：011-330-3000)へ直接おかけください。よろしくお願いいたします。ET,Sat Oct 14 09:32:03 +0000 2017,account_access,yes,"account hijacked, can't reach phone support to stop it","urgent security issue, needs human account team right away",delivery_issue,general_complaint,account_access,"(1/2)
(2/2)0120-999-373011-330-3000)ET",yes,"The customer reports a security breach (account takeover) and inability to access support, which falls under complex account issues requiring human intervention."
89250,La date d’aujourd’hui et cest en « transit »,Quel est le transporteur de votre colis s'il vous plaît ? ^MA,Thu Nov 30 14:39:36 +0000 2017,delivery_issue,no,,give current transit status,delivery_issue,general_complaint,delivery_issue,Quel est le transporteur de votre colis s'il vous plat ? ^MA,no,"The message is a standard inquiry about the current tracking status without indicating extreme anger, financial loss, or repeated failures."
1511972,Many thanks 🙏,You're welcome! We'll be here if there is anything else you need. ^MB,Fri Nov 03 18:05:55 +0000 2017,other,no,,just a thank you,delivery_issue,general_complaint,other,You're welcome! We'll be here if there is anything else you need. ^MB,no,The message is a simple expression of gratitude and falls under routine feedback.
713301,how do I specify that my delivery person needs to have key access to the apartment building when I order?,This depends on the carrier. You may reach out to the carrier with further instructions once you receive tracking info. ^CL,Tue Oct 10 22:41:54 +0000 2017,product_inquiry,no,,explain how to add delivery instructions at checkout,delivery_issue,delivery_issue,delivery_issue,This depends on the carrier. You may reach out to the carrier with further instructions once you receive tracking info. ^CL,no,"This is a standard inquiry about delivery instructions and does not involve financial disputes, security breaches, or extreme distress."
272438,amazonさんの配送の早さにはいつも助かっています。ありがとうございます。これからも利用させていただきます！,喜んでいただけて何よりです！😊✨ 今後とも、Amazonをよろしくお願いいたします🙏 YM,Fri Oct 06 04:16:02 +0000 2017,other,no,,thank you note about fast delivery,delivery_issue,general_complaint,other, Amazon,no,"The message is a positive compliment regarding delivery speed and expresses continued loyalty, which falls under routine feedback."
1744994,"PUTRID CustSupp! My acct hacked on 30Oct, have been infrming u, NO ACTION FROM UR SIDE... PATHETIC guys!",That doesn't happen usually. We’d like to look into the issue and help you out. 1/2 ^RI,Tue Nov 07 14:23:33 +0000 2017,account_access,yes,"account hacked, reported days ago with zero action, very angry",urgent unresolved account security issue,delivery_issue,general_complaint,account_access,Were sorry to hear about the trouble with your account. Wed like to look into this for you. Please DM us your account email so we can assist. ^RI,yes,The customer reports a security breach (hacked account) and expresses extreme anger regarding previous support failures.
2946878,My overnight express pkg nvr came. Called logistics to complain and mgr hung up on me!😤def not the holiday spirit,"We'd like for you to have a better experience with us! Could you confirm with us the delivery date we provided in your order confirmation e-mail: We'd like to help, Chase! ^KJ",Wed Nov 29 15:56:06 +0000 2017,delivery_issue,yes,"overnight package never came, and a manager hung up on them","staff conduct issue plus unresolved delivery, needs human review",delivery_issue,general_complaint,delivery_issue,We're so sorry for the frustration and the poor experience on the phone. We'd like to help get this resolved for you. Could you please DM us your order number so we can look into the delivery status? ^KJ,yes,"The customer reports a missed delivery window and a negative experience with previous support, meeting the criteria for repeated failure or missed delivery."
1806484,No but I did get a lot of push back before they finally transferred me to someone who could give me the refund. Seemed pretty cut and dry to me.,I'm glad to hear that we were able to find a resolution for you. We'd love to hear your feedback through the e-mailed survey that was sent after speaking to us previously. ^NS,Wed Nov 15 00:29:33 +0000 2017,refund_return,no,,"already resolved, no action needed besides noting feedback",delivery_issue,refund_return,refund_return,I'm glad to hear that we were able to find a resolution for you. We'd love to hear your feedback through the e-mailed survey that was sent after speaking to us previously. ^NS,no,"The customer is providing feedback on a resolved refund issue and is not reporting an active dispute, financial loss, or unresolved problem."
2353724,Et hop à peine une semaine chez Amazon Prime déjà un retard de livraison,"Bonsoir, désolée pour cela, que dit le suivi de votre colis je vous prie et par quel transporteur? ^KE",Mon Nov 13 18:40:16 +0000 2017,delivery_issue,no,,apologize for the early delay just after signing up,delivery_issue,general_complaint,delivery_issue,"Bonsoir, dsole pour ce dsagrment. Pourriez-vous nous transmettre le numro de commande en message priv afin que nous puissions vrifier le suivi ? ^KE",no,"The message expresses mild frustration about a single delivery delay but does not indicate extreme anger, financial loss, or repeated failures requiring human intervention."
2754621,"9:14pm now and no book, please advise? Thanks",We'd like to look into available options with you directly. Please reach us by phone or chat here: ^NC,Mon Nov 20 21:14:20 +0000 2017,delivery_issue,no,,"give status update, apologize for the late hour",delivery_issue,product_inquiry,delivery_issue,We'd like to look into available options with you directly. Please reach us by phone or chat here: ^NC,no,"The message is a standard inquiry regarding a delayed delivery without signs of extreme anger, financial dispute, or repeated support failures."
2477478,yay it's finally here!! thanks,"Hi Ashley, glad to hear your order has arrived. Thanks for letting us know :) ^BZ",Wed Nov 15 14:12:54 +0000 2017,other,no,,"happy resolution, nothing more to do",delivery_issue,general_complaint,other,"Hi there, so glad to hear your order has arrived! Thanks for letting us know :) ^BZ",no,"The message is a positive confirmation of delivery and praise, which falls under routine feedback."
1339572,- vers cette page d'infos que j'ai déjà lu j'aimerai juste une liste de produits que vous vendez. -,"Bonjour, Des milliers d'articles vendus et expédiés par Amazon sont proposés sur le site. ^MD",Fri Oct 27 15:20:19 +0000 2017,product_inquiry,no,,point to a page listing products instead of general info page,delivery_issue,general_complaint,product_inquiry,"Bonjour, Des milliers d'articles vendus et expdis par Amazon sont proposs sur le site. ^MD",no,"The customer is making a standard product inquiry by requesting a list of items, which falls under general policy or product questions suitable for automated handling."
982969,"Hi, I need to enquire about an order that wasn't delivered. I'm unable to get thru to your cust service. Pls tell me what to do?","Sreeparna, you can track your order here: do let us know if you have any further concerns. ^MS",Sun Oct 22 14:24:38 +0000 2017,delivery_issue,yes,couldn't reach customer service by phone about a missing order,give a working way to reach support since phone failed,delivery_issue,delivery_issue,delivery_issue,So sorry to hear that. Please share your order details here: [Link] so we can look into this for you. Please don't provide sensitive account info in the public thread. ^MS,no,"The customer is inquiring about a standard undelivered order without indicating extreme anger, financial dispute, or repeated support failures."
386495,"I ordered a pair of pillow covers on 7th Oct, the order was eligible for prime, yet it's being delivered 6 days after.","I get your concern. Estimated delivery date is calculated based on various factors like availability of the product, ^VN(1/2)",Mon Oct 09 15:10:59 +0000 2017,delivery_issue,no,,apologize for late prime-eligible delivery,delivery_issue,delivery_issue,delivery_issue,"I get your concern. Estimated delivery date is calculated based on various factors like availability of the product, ^VN(1/2)",no,"The customer is reporting a standard Prime delivery delay without signs of extreme anger, financial dispute, or repeated support failures."
627661,Yo has in blu-ray for 9 bucks today. #thankful,It's true! Something to be thankful for.^TI,Wed Nov 22 15:15:48 +0000 2017,other,no,,"sharing a deal, not a complaint",delivery_issue,general_complaint,other,It's true! Something to be thankful for.^TI,no,"The message is a positive feedback or praise regarding a purchase, which falls under routine feedback criteria."
1511982,Done via email.,Thanks for the heads up. Our support team will check this and get back to you shortly. ^SS,Fri Nov 03 18:14:54 +0000 2017,other,no,,"confirms they already emailed, no new issue",delivery_issue,general_complaint,other,Thanks for the update. Our team will review your email and get back to you shortly. ^SS,no,"The message is a brief status update indicating an action was completed via email, which does not meet the criteria for escalation."
1748909,vous allez sortir la fire HD 10 en France ? Une date ?,"Bonjour, je suis désolée, mais nous n'avons pas l'information, veuillez vérifier sur le site ultérieurement.",Tue Nov 07 16:10:58 +0000 2017,product_inquiry,no,,give release date info for Fire HD 10 in France if available,delivery_issue,product_inquiry,product_inquiry,"Bonjour, je suis dsole, mais nous n'avons pas l'information, veuillez vrifier sur le site ultrieurement.",no,"This is a standard product availability inquiry regarding a specific device and region, which falls under general product questions."
851603,How to contact ur customer care.? I tried many times bt call disconnects says no item found,You can follow this link : to reach out to your support team. ^CB,Fri Oct 20 14:52:32 +0000 2017,account_access,yes,"tried many times to reach support, keeps getting disconnected","needs a working contact method, repeated failed attempts",delivery_issue,product_inquiry,general_complaint,Were sorry for the trouble. You can reach our support team directly via this link: [Link]. Please let us know if you need further assistance. ^CB,no,"The customer is inquiring about contact methods and reporting a technical issue with the tracking system, which does not meet the criteria for financial disputes, severe anger, or complex account security issues."
1136267,Almost 70% products aren't eligible for 1 day delivery and prime video hasn't all top movies.,"The eligibility of the products, being shipped by one day shipping method, depends on your Pin code. [1/2] ^SK",Sun Oct 15 14:38:52 +0000 2017,general_complaint,no,,clarify delivery and video content limitations,delivery_issue,delivery_issue,general_complaint,"The eligibility of the products, being shipped by one day shipping method, depends on your Pin code. [1/2] ^SK",no,"The message is a general complaint about service limitations and content availability, which does not meet the criteria for financial disputes, security issues, or extreme anger requiring human escalation."
1042211,"I have the rights to know, I'm the one who has suffered. Don't try to deceive me.","I get your concern. However, we won't be able to share the actions taken. Appreciate your understanding. ^VN",Mon Oct 23 14:30:28 +0000 2017,general_complaint,yes,"accuses company of deceiving them, distrustful tone","needs honest human explanation, not scripted reply",delivery_issue,general_complaint,general_complaint,"I get your concern. However, we won't be able to share the actions taken. Appreciate your understanding. ^VN",yes,"The customer is expressing extreme anger and accusation of deception, indicating a high-risk situation that requires human intervention."
922655,If I could find a number and wasn’t taken around in circles again and again by your site I’d absolutely love to speak to an agent. 😍😍,"Please visit: answer questions 1 and 2, and then you'll have the option to request a call under 3. ^LB",Sat Oct 21 13:26:23 +0000 2017,account_access,yes,stuck going in circles trying to reach a live agent,needs a direct way to reach a human,delivery_issue,general_complaint,general_complaint,"Please visit: answer questions 1 and 2, and then you'll have the option to request a call under 3. ^LB",no,"The customer is expressing frustration with the self-service interface but is not reporting a specific financial dispute, security breach, or repeated service failure that meets the strict escalation criteria."
503442,"Crappy delivery experience today. Took a half day off of work for my scheduled, enhanced delivery and it still hasn't arrived and no one can tell me when it will. Can you help?","Hi there, I'm sorry to see you're having some delivery trouble! Just to clarify, have we missed the promised delivery date? What does the most up to date tracking information say here: ^DW",Fri Dec 01 20:11:59 +0000 2017,delivery_issue,yes,took time off work for a delivery window that was missed with no answer,"needs real update, customer lost personal time waiting",delivery_issue,delivery_issue,delivery_issue,"Hi there, I'm sorry to see you're having some delivery trouble! Just to clarify, have we missed the promised delivery date? What does the most up to date tracking information say here: ^DW",no,"The customer is inquiring about a delayed delivery without evidence of extreme anger, financial dispute, or repeated support failures, making it suitable for standard handling."
379948,I have reported all 4 times . But today I faced 4th such instance. Please improve your service. I am a Prime Member.,Report this in the link shared above &amp; necessary actions will be taken to make things right. 2/2 ^MJ,Mon Oct 09 07:49:31 +0000 2017,delivery_issue,yes,says this is the 4th time reporting the same issue,"apologize, look into repeated pattern",delivery_issue,general_complaint,general_complaint,Sorry to hear you're facing this again. Please share your details here so we can look into it: ^AK (1/2),yes,"The customer reports a repeated failure with four prior instances, meeting the escalation criteria for repeated support failures."
289601,"my ""new"" earphones arrived like this. Not happy but I've asked for it to be replaced, any idea on when?","Hey, Christopher! Just to clarify, can you tell us if you requested the replacement via your account or customer service? ^AJ",Fri Oct 06 15:45:14 +0000 2017,damaged_or_wrong_item,no,,confirm replacement timeline for the damaged earphones,delivery_issue,product_inquiry,damaged_or_wrong_item,"Hey! Sorry to hear your earphones arrived damaged. To help check the status of your replacement, could you please DM us your order ID? ^AJ",no,"The customer has already initiated a replacement request and is simply inquiring about the status, which is a standard tracking inquiry."
206922,"Amazon are dispatching the order, it says shipping today with no option to edit or include instructions :(","We'd like to see what options are available. When you have a moment, please reach out to us here: ^AC",Wed Oct 04 21:29:58 +0000 2017,delivery_issue,no,,"explain no edits possible once shipped, apologize for the inconvenience",delivery_issue,delivery_issue,delivery_issue,"We'd like to see what options are available. When you have a moment, please reach out to us here: ^AC",no,"The customer is expressing mild frustration about a standard shipping status and lack of editing options, which does not meet the criteria for escalation such as extreme anger, financial disputes, or repeated failures."
282810,なんかヤマトの追跡サイト見たら即日返品されとる。住所間違ってるはず無いしこれはさすがに温厚な僕でもキレるんだけど、既に電話対応の時間終わってて泣ける２ちゃんねる,このたびは、ご迷惑をおかけし申し訳ございません。 本件についてご注文いただいたお客様に後日 SM,Fri Oct 06 12:20:02 +0000 2017,delivery_issue,yes,"angry tone, package returned without explanation, couldn't reach support in time",needs investigation into why the package was returned,delivery_issue,general_complaint,delivery_issue,  SM,yes,"The customer is expressing extreme anger and frustration over an unauthorized return of their package, which constitutes a significant service failure requiring human intervention."
283544,I have already contacted yr....are u crazy or what....I got no reply from there that's y I came to twitter,We would like to help you. Please share your details with us here: We'll get in touch shortly. ^CB,Fri Oct 06 13:46:52 +0000 2017,general_complaint,yes,says they already contacted before and got no reply,"needs real follow-up, previous contact went nowhere",delivery_issue,general_complaint,general_complaint,We would like to help you. Please share your details with us here: We'll get in touch shortly. ^CB,yes,"The customer reports a previous support failure and expresses extreme frustration, meeting the criteria for repeated failure and high emotional distress."
179273,"As you can appreciate this is slightly confusing, with all orders having been cancelled and makes me think I'm trapped in a process failure",Hi - we are investigating and will be touch ^TD,Wed Oct 04 09:51:22 +0000 2017,general_complaint,no,,"clarify why orders got cancelled, reduce confusion",delivery_issue,general_complaint,general_complaint,Hi - we are investigating and will be in touch ^TD,no,"The customer expresses confusion about cancelled orders but does not exhibit extreme anger, threaten legal action, or report a high-value financial dispute, making it suitable for standard support handling."
1380684,yes I have tried the steps nothing is working,Thanks for trying for us! Please reach us for live troubleshooting with our Fire TV team here: ^DW,Mon Nov 06 23:25:59 +0000 2017,other,no,,"troubleshooting still not working, needs more specific help",delivery_issue,general_complaint,account_access,Thanks for trying! Please reach out to us here so our Account Support team can have a deeper look into this with you: ^CL,yes,"The customer reports a complex account access issue that has persisted despite previous troubleshooting attempts, indicating a need for human intervention."
404050,I spend soo much $$ buying books for my Kindle and have now realized my Prime membership gives me thousands of free reads. 😭 ILY !!!,Send an S.O.S. to your friends in case they don't hear from you for a few weeks! 😂,Mon Oct 09 20:59:04 +0000 2017,other,no,,"happy customer realizing a benefit, no issue",delivery_issue,delivery_issue,other,Send an S.O.S. to your friends in case they don't hear from you for a few weeks! ,no,"The message is a positive expression of delight and praise regarding a Prime benefit, not a complaint or issue requiring support."
